2025-07-02 20:16:01,175 - INFO - Test de la connexion à la base de données...
2025-07-02 20:16:01,338 - INFO - Connecté au serveur MySQL version 5.5.5-10.4.32-MariaDB
2025-07-02 20:16:01,341 - INFO - Base de données actuelle: edumap_api_v01
2025-07-02 20:16:01,342 - INFO - Test de connexion réussi
2025-07-02 20:16:01,346 - INFO - Chargement du fichier C:/Users/_Salim_mevtr_/project-lab/edumap-api_v0.1/etl/Base_2024.xlsx
2025-07-02 20:16:06,200 - INFO - Fichier chargé avec succès. 15216 lignes trouvées.
2025-07-02 20:16:06,200 - INFO - Colonnes originales: ['LATITUDE', 'LONGITUDE', 'code_etablissement', 'libelle_type_milieu', 'region', 'prefecture', 'canton_village_autonome', 'ville_village_quartier', 'nom_etablissement', 'libelle_type_statut_etab', 'libelle_type_systeme', 'existe_elect', 'existe_latrine', 'existe_latrine_fonct', 'acces_toute_saison', 'eau', 'sommedenb_eff_g', 'sommedenb_eff_f', 'Tot', 'sommedenb_ens_h', 'sommedenb_ens_f', 'Total ense', 'sommedenb_salles_classes_dur', 'sommedenb_salles_classes_banco', 'sommedenb_salles_classes_autre', 'libelle_type_annee', 'commune_etab']
2025-07-02 20:16:06,210 - INFO - Colonnes disponibles après mapping: ['latitude', 'longitude', 'code_etablissement', 'libelle_type_milieu', 'region', 'prefecture', 'canton_village_autonome', 'ville_village_quartier', 'nom_etablissement', 'libelle_type_statut_etab', 'libelle_type_systeme', 'existe_elect', 'existe_latrine', 'existe_latrine_fonct', 'acces_toute_saison', 'eau', 'sommedenb_eff_g', 'sommedenb_eff_f', 'Tot', 'sommedenb_ens_h', 'sommedenb_ens_f', 'Total ense', 'sommedenb_salles_classes_dur', 'sommedenb_salles_classes_banco', 'sommedenb_salles_classes_autre', 'libelle_type_annee', 'commune_etab']
2025-07-02 20:16:06,263 - DEBUG - Échantillon du DataFrame:
   latitude  longitude  code_etablissement  ... sommedenb_salles_classes_autre libelle_type_annee commune_etab
0  6.139742   1.259310             1113064  ...                            NaN          2023-2024      GOLFE 1
1  6.137808   1.255636             1113110  ...                            NaN          2023-2024      GOLFE 1
2  6.139700   1.265670             1113120  ...                            NaN          2023-2024      GOLFE 1

[3 rows x 27 columns]
2025-07-02 20:16:06,265 - DEBUG - Types de données:
latitude                          float64
longitude                         float64
code_etablissement                  int64
libelle_type_milieu                object
region                             object
prefecture                         object
canton_village_autonome            object
ville_village_quartier             object
nom_etablissement                  object
libelle_type_statut_etab           object
libelle_type_systeme               object
existe_elect                        int64
existe_latrine                      int64
existe_latrine_fonct                int64
acces_toute_saison                  int64
eau                                 int64
sommedenb_eff_g                     int64
sommedenb_eff_f                     int64
Tot                                 int64
sommedenb_ens_h                   float64
sommedenb_ens_f                   float64
Total ense                          int64
sommedenb_salles_classes_dur      float64
sommedenb_salles_classes_banco    float64
sommedenb_salles_classes_autre    float64
libelle_type_annee                 object
commune_etab                       object
dtype: object
2025-07-02 20:16:06,279 - DEBUG - Valeurs manquantes par colonne:
sommedenb_ens_h                   12233
sommedenb_ens_f                   14031
sommedenb_salles_classes_dur       2953
sommedenb_salles_classes_banco    14307
sommedenb_salles_classes_autre    11512
commune_etab                       1776
dtype: int64
2025-07-02 20:16:06,280 - INFO - Début du nettoyage des données...
2025-07-02 20:16:06,378 - INFO - Nettoyage des données terminé
2025-07-02 20:16:06,379 - INFO - Connexion à la base de données...
2025-07-02 20:16:06,381 - INFO - Connexion établie avec succès!
2025-07-02 20:16:06,387 - INFO - Structure de la table localisations: ['id', 'region', 'prefecture', 'canton_village_autonome', 'ville_village_quartier', 'commune_etab', 'created_at', 'updated_at']
2025-07-02 20:16:06,391 - INFO - Structure de la table milieux: ['id', 'libelle_type_milieu', 'created_at', 'updated_at']
2025-07-02 20:16:06,396 - INFO - Structure de la table statuts: ['id', 'libelle_type_statut_etab', 'created_at', 'updated_at']
2025-07-02 20:16:06,400 - INFO - Structure de la table systemes: ['id', 'libelle_type_systeme', 'created_at', 'updated_at']
2025-07-02 20:16:06,404 - INFO - Structure de la table annees: ['id', 'libelle_type_annee', 'created_at', 'updated_at']
2025-07-02 20:16:06,409 - INFO - Structure de la table etablissements: ['id', 'code_etablissement', 'nom_etablissement', 'latitude', 'longitude', 'localisation_id', 'milieu_id', 'statut_id', 'systeme_id', 'annee_id', 'created_at', 'updated_at']
2025-07-02 20:16:06,414 - INFO - Structure de la table equipements_etablissement: ['id', 'etablissement_id', 'existe_elect', 'existe_latrine', 'existe_latrine_fonct', 'acces_toute_saison', 'eau', 'created_at', 'updated_at']
2025-07-02 20:16:06,419 - INFO - Structure de la table effectifs: ['id', 'etablissement_id', 'sommedenb_eff_g', 'sommedenb_eff_f', 'tot', 'sommedenb_ens_h', 'sommedenb_ens_f', 'total_ense', 'created_at', 'updated_at']
2025-07-02 20:16:06,426 - INFO - Structure de la table infrastructures: ['id', 'etablissement_id', 'sommedenb_salles_classes_dur', 'sommedenb_salles_classes_banco', 'sommedenb_salles_classes_autre', 'created_at', 'updated_at']
2025-07-02 20:16:06,426 - INFO - Début de l'insertion des données (15216 lignes, 153 lots)
2025-07-02 20:16:07,141 - INFO - Lot 1/153 : 100 lignes traitées en 0.71s (0.7% terminé)
2025-07-02 20:16:07,771 - INFO - Lot 2/153 : 100 lignes traitées en 1.34s (1.3% terminé)
2025-07-02 20:16:08,249 - INFO - Lot 3/153 : 100 lignes traitées en 1.82s (2.0% terminé)
2025-07-02 20:16:08,746 - INFO - Lot 4/153 : 100 lignes traitées en 2.32s (2.6% terminé)
2025-07-02 20:16:09,209 - INFO - Lot 5/153 : 100 lignes traitées en 2.78s (3.3% terminé)
2025-07-02 20:16:09,688 - INFO - Lot 6/153 : 100 lignes traitées en 3.26s (3.9% terminé)
2025-07-02 20:16:10,119 - INFO - Lot 7/153 : 100 lignes traitées en 3.69s (4.6% terminé)
2025-07-02 20:16:11,252 - INFO - Lot 8/153 : 100 lignes traitées en 4.83s (5.3% terminé)
2025-07-02 20:16:12,526 - INFO - Lot 9/153 : 100 lignes traitées en 6.10s (5.9% terminé)
2025-07-02 20:16:13,061 - INFO - Lot 10/153 : 100 lignes traitées en 6.63s (6.6% terminé)
2025-07-02 20:16:13,536 - INFO - Lot 11/153 : 100 lignes traitées en 7.11s (7.2% terminé)
2025-07-02 20:16:14,177 - INFO - Lot 12/153 : 100 lignes traitées en 7.75s (7.9% terminé)
2025-07-02 20:16:15,173 - INFO - Lot 13/153 : 100 lignes traitées en 8.75s (8.5% terminé)
2025-07-02 20:16:15,729 - INFO - Lot 14/153 : 100 lignes traitées en 9.30s (9.2% terminé)
2025-07-02 20:16:16,392 - INFO - Lot 15/153 : 100 lignes traitées en 9.97s (9.9% terminé)
2025-07-02 20:16:16,916 - INFO - Lot 16/153 : 100 lignes traitées en 10.49s (10.5% terminé)
2025-07-02 20:16:17,437 - INFO - Lot 17/153 : 100 lignes traitées en 11.01s (11.2% terminé)
2025-07-02 20:16:17,972 - INFO - Lot 18/153 : 100 lignes traitées en 11.54s (11.8% terminé)
2025-07-02 20:16:18,481 - INFO - Lot 19/153 : 100 lignes traitées en 12.05s (12.5% terminé)
2025-07-02 20:16:19,163 - INFO - Lot 20/153 : 100 lignes traitées en 12.74s (13.1% terminé)
2025-07-02 20:16:19,772 - INFO - Lot 21/153 : 100 lignes traitées en 13.34s (13.8% terminé)
2025-07-02 20:16:20,554 - INFO - Lot 22/153 : 100 lignes traitées en 14.13s (14.5% terminé)
2025-07-02 20:16:21,091 - INFO - Lot 23/153 : 100 lignes traitées en 14.66s (15.1% terminé)
2025-07-02 20:16:21,609 - INFO - Lot 24/153 : 100 lignes traitées en 15.18s (15.8% terminé)
2025-07-02 20:16:22,206 - INFO - Lot 25/153 : 100 lignes traitées en 15.78s (16.4% terminé)
2025-07-02 20:16:22,756 - INFO - Lot 26/153 : 100 lignes traitées en 16.33s (17.1% terminé)
2025-07-02 20:16:24,623 - INFO - Lot 27/153 : 100 lignes traitées en 18.20s (17.7% terminé)
2025-07-02 20:16:25,521 - INFO - Lot 28/153 : 100 lignes traitées en 19.09s (18.4% terminé)
2025-07-02 20:16:27,154 - INFO - Lot 29/153 : 100 lignes traitées en 20.73s (19.1% terminé)
2025-07-02 20:16:27,888 - INFO - Lot 30/153 : 100 lignes traitées en 21.46s (19.7% terminé)
2025-07-02 20:16:28,575 - INFO - Lot 31/153 : 100 lignes traitées en 22.15s (20.4% terminé)
2025-07-02 20:16:29,164 - INFO - Lot 32/153 : 100 lignes traitées en 22.74s (21.0% terminé)
2025-07-02 20:16:29,786 - INFO - Lot 33/153 : 100 lignes traitées en 23.36s (21.7% terminé)
2025-07-02 20:16:30,488 - INFO - Lot 34/153 : 100 lignes traitées en 24.06s (22.3% terminé)
2025-07-02 20:16:31,078 - INFO - Lot 35/153 : 100 lignes traitées en 24.65s (23.0% terminé)
2025-07-02 20:16:31,666 - INFO - Lot 36/153 : 100 lignes traitées en 25.24s (23.7% terminé)
2025-07-02 20:16:32,243 - INFO - Lot 37/153 : 100 lignes traitées en 25.82s (24.3% terminé)
2025-07-02 20:16:32,841 - INFO - Lot 38/153 : 100 lignes traitées en 26.41s (25.0% terminé)
2025-07-02 20:16:33,453 - INFO - Lot 39/153 : 100 lignes traitées en 27.03s (25.6% terminé)
2025-07-02 20:16:34,047 - INFO - Lot 40/153 : 100 lignes traitées en 27.62s (26.3% terminé)
2025-07-02 20:16:34,677 - INFO - Lot 41/153 : 100 lignes traitées en 28.25s (26.9% terminé)
2025-07-02 20:16:35,463 - INFO - Lot 42/153 : 100 lignes traitées en 29.04s (27.6% terminé)
2025-07-02 20:16:36,151 - INFO - Lot 43/153 : 100 lignes traitées en 29.72s (28.3% terminé)
2025-07-02 20:16:37,913 - INFO - Lot 44/153 : 100 lignes traitées en 31.49s (28.9% terminé)
2025-07-02 20:16:39,020 - INFO - Lot 45/153 : 100 lignes traitées en 32.59s (29.6% terminé)
2025-07-02 20:16:39,731 - INFO - Lot 46/153 : 100 lignes traitées en 33.30s (30.2% terminé)
2025-07-02 20:16:40,374 - INFO - Lot 47/153 : 100 lignes traitées en 33.95s (30.9% terminé)
2025-07-02 20:16:41,112 - INFO - Lot 48/153 : 100 lignes traitées en 34.69s (31.5% terminé)
2025-07-02 20:16:41,813 - INFO - Lot 49/153 : 100 lignes traitées en 35.39s (32.2% terminé)
2025-07-02 20:16:42,508 - INFO - Lot 50/153 : 100 lignes traitées en 36.08s (32.9% terminé)
2025-07-02 20:16:43,327 - INFO - Lot 51/153 : 100 lignes traitées en 36.90s (33.5% terminé)
2025-07-02 20:16:44,902 - INFO - Lot 52/153 : 100 lignes traitées en 38.47s (34.2% terminé)
2025-07-02 20:16:45,587 - INFO - Lot 53/153 : 100 lignes traitées en 39.16s (34.8% terminé)
2025-07-02 20:16:46,572 - INFO - Lot 54/153 : 100 lignes traitées en 40.15s (35.5% terminé)
2025-07-02 20:16:47,294 - INFO - Lot 55/153 : 100 lignes traitées en 40.87s (36.1% terminé)
2025-07-02 20:16:48,323 - INFO - Lot 56/153 : 100 lignes traitées en 41.90s (36.8% terminé)
2025-07-02 20:16:50,057 - INFO - Lot 57/153 : 100 lignes traitées en 43.63s (37.5% terminé)
2025-07-02 20:16:51,085 - INFO - Lot 58/153 : 100 lignes traitées en 44.66s (38.1% terminé)
2025-07-02 20:16:51,807 - INFO - Lot 59/153 : 100 lignes traitées en 45.38s (38.8% terminé)
2025-07-02 20:16:53,336 - INFO - Lot 60/153 : 100 lignes traitées en 46.91s (39.4% terminé)
2025-07-02 20:16:54,125 - INFO - Lot 61/153 : 100 lignes traitées en 47.70s (40.1% terminé)
2025-07-02 20:16:55,002 - INFO - Lot 62/153 : 100 lignes traitées en 48.58s (40.7% terminé)
2025-07-02 20:16:55,917 - INFO - Lot 63/153 : 100 lignes traitées en 49.49s (41.4% terminé)
2025-07-02 20:16:56,893 - INFO - Lot 64/153 : 100 lignes traitées en 50.47s (42.1% terminé)
2025-07-02 20:16:57,973 - INFO - Lot 65/153 : 100 lignes traitées en 51.55s (42.7% terminé)
2025-07-02 20:16:58,827 - INFO - Lot 66/153 : 100 lignes traitées en 52.40s (43.4% terminé)
2025-07-02 20:16:59,693 - INFO - Lot 67/153 : 100 lignes traitées en 53.27s (44.0% terminé)
2025-07-02 20:17:00,878 - INFO - Lot 68/153 : 100 lignes traitées en 54.45s (44.7% terminé)
2025-07-02 20:17:01,828 - INFO - Lot 69/153 : 100 lignes traitées en 55.40s (45.3% terminé)
2025-07-02 20:17:02,778 - ERROR - Erreur avec la ligne 6991 (code: 160042120): 1265: Data truncated for column 'latitude' at row 1
2025-07-02 20:17:02,785 - ERROR - Erreur avec la ligne 6992 (code: 160042066): 1265: Data truncated for column 'latitude' at row 1
2025-07-02 20:17:02,795 - ERROR - Erreur avec la ligne 6993 (code: 160042046): 1265: Data truncated for column 'latitude' at row 1
2025-07-02 20:17:02,804 - ERROR - Erreur avec la ligne 6994 (code: 160042128): 1265: Data truncated for column 'latitude' at row 1
2025-07-02 20:17:02,813 - ERROR - Erreur avec la ligne 6995 (code: 160041016): 1265: Data truncated for column 'latitude' at row 1
2025-07-02 20:17:02,820 - ERROR - Erreur avec la ligne 6996 (code: 160042042): 1265: Data truncated for column 'latitude' at row 1
2025-07-02 20:17:02,830 - ERROR - Erreur avec la ligne 6997 (code: 160042037): 1265: Data truncated for column 'latitude' at row 1
2025-07-02 20:17:02,837 - ERROR - Erreur avec la ligne 6998 (code: 1623042): 1265: Data truncated for column 'latitude' at row 1
2025-07-02 20:17:02,849 - ERROR - Erreur avec la ligne 6999 (code: 160042099): 1265: Data truncated for column 'latitude' at row 1
2025-07-02 20:17:02,858 - INFO - Lot 70/153 : 100 lignes traitées en 56.43s (46.0% terminé)
2025-07-02 20:17:02,866 - ERROR - Erreur avec la ligne 7000 (code: 160032003): 1265: Data truncated for column 'latitude' at row 1
2025-07-02 20:17:02,875 - ERROR - Erreur avec la ligne 7001 (code: 1623075): 1265: Data truncated for column 'latitude' at row 1
2025-07-02 20:17:02,882 - ERROR - Erreur avec la ligne 7002 (code: 160042020): 1265: Data truncated for column 'latitude' at row 1
2025-07-02 20:17:02,891 - ERROR - Erreur avec la ligne 7003 (code: 160041033): 1265: Data truncated for column 'latitude' at row 1
2025-07-02 20:17:02,899 - ERROR - Erreur avec la ligne 7004 (code: 160042072): 1265: Data truncated for column 'latitude' at row 1
2025-07-02 20:17:02,909 - ERROR - Erreur avec la ligne 7005 (code: 1623061): 1265: Data truncated for column 'latitude' at row 1
2025-07-02 20:17:02,916 - ERROR - Erreur avec la ligne 7006 (code: 160042123): 1265: Data truncated for column 'latitude' at row 1
2025-07-02 20:17:02,926 - ERROR - Erreur avec la ligne 7007 (code: 160042002): 1265: Data truncated for column 'latitude' at row 1
2025-07-02 20:17:02,935 - ERROR - Erreur avec la ligne 7008 (code: 160042091): 1265: Data truncated for column 'latitude' at row 1
2025-07-02 20:17:02,945 - ERROR - Erreur avec la ligne 7009 (code: 160042070): 1265: Data truncated for column 'latitude' at row 1
2025-07-02 20:17:02,953 - ERROR - Erreur avec la ligne 7010 (code: 160041035): 1265: Data truncated for column 'latitude' at row 1
2025-07-02 20:17:02,961 - ERROR - Erreur avec la ligne 7011 (code: 160042107): 1265: Data truncated for column 'latitude' at row 1
2025-07-02 20:17:02,969 - ERROR - Erreur avec la ligne 7012 (code: 160041028): 1265: Data truncated for column 'latitude' at row 1
2025-07-02 20:17:02,978 - ERROR - Erreur avec la ligne 7013 (code: 1623051): 1265: Data truncated for column 'latitude' at row 1
2025-07-02 20:17:02,986 - ERROR - Erreur avec la ligne 7014 (code: 160042129): 1265: Data truncated for column 'latitude' at row 1
2025-07-02 20:17:02,995 - ERROR - Erreur avec la ligne 7015 (code: 160042016): 1265: Data truncated for column 'latitude' at row 1
2025-07-02 20:17:03,004 - ERROR - Erreur avec la ligne 7016 (code: 160042028): 1265: Data truncated for column 'latitude' at row 1
2025-07-02 20:17:03,012 - ERROR - Erreur avec la ligne 7017 (code: 160042052): 1265: Data truncated for column 'latitude' at row 1
2025-07-02 20:17:03,021 - ERROR - Erreur avec la ligne 7018 (code: 160041006): 1265: Data truncated for column 'latitude' at row 1
2025-07-02 20:17:03,032 - ERROR - Erreur avec la ligne 7019 (code: 160041010): 1265: Data truncated for column 'latitude' at row 1
2025-07-02 20:17:03,041 - ERROR - Erreur avec la ligne 7020 (code: 160042080): 1265: Data truncated for column 'latitude' at row 1
2025-07-02 20:17:03,050 - ERROR - Erreur avec la ligne 7021 (code: 160042010): 1265: Data truncated for column 'latitude' at row 1
2025-07-02 20:17:03,059 - ERROR - Erreur avec la ligne 7022 (code: 160042109): 1265: Data truncated for column 'latitude' at row 1
2025-07-02 20:17:03,070 - ERROR - Erreur avec la ligne 7023 (code: 160042131): 1265: Data truncated for column 'latitude' at row 1
2025-07-02 20:17:03,079 - ERROR - Erreur avec la ligne 7024 (code: 160042030): 1265: Data truncated for column 'latitude' at row 1
2025-07-02 20:17:03,087 - ERROR - Erreur avec la ligne 7025 (code: 1600410001): 1265: Data truncated for column 'latitude' at row 1
2025-07-02 20:17:03,099 - ERROR - Erreur avec la ligne 7026 (code: 160032097): 1265: Data truncated for column 'latitude' at row 1
2025-07-02 20:17:03,107 - ERROR - Erreur avec la ligne 7027 (code: 160042092): 1265: Data truncated for column 'latitude' at row 1
2025-07-02 20:17:03,115 - ERROR - Erreur avec la ligne 7028 (code: 160042065): 1265: Data truncated for column 'latitude' at row 1
2025-07-02 20:17:03,123 - ERROR - Erreur avec la ligne 7029 (code: 160042024): 1265: Data truncated for column 'latitude' at row 1
2025-07-02 20:17:03,133 - ERROR - Erreur avec la ligne 7030 (code: 1623060): 1265: Data truncated for column 'latitude' at row 1
2025-07-02 20:17:03,142 - ERROR - Erreur avec la ligne 7031 (code: 1623069): 1265: Data truncated for column 'latitude' at row 1
2025-07-02 20:17:03,150 - ERROR - Erreur avec la ligne 7032 (code: 160042079): 1265: Data truncated for column 'latitude' at row 1
2025-07-02 20:17:03,160 - ERROR - Erreur avec la ligne 7033 (code: 160041011): 1265: Data truncated for column 'latitude' at row 1
2025-07-02 20:17:03,167 - ERROR - Erreur avec la ligne 7034 (code: 160031023): 1265: Data truncated for column 'latitude' at row 1
2025-07-02 20:17:03,177 - ERROR - Erreur avec la ligne 7035 (code: 160032121): 1265: Data truncated for column 'latitude' at row 1
2025-07-02 20:17:03,183 - ERROR - Erreur avec la ligne 7036 (code: 160042102): 1265: Data truncated for column 'latitude' at row 1
2025-07-02 20:17:03,193 - ERROR - Erreur avec la ligne 7037 (code: 160042073): 1265: Data truncated for column 'latitude' at row 1
2025-07-02 20:17:03,200 - ERROR - Erreur avec la ligne 7038 (code: 160042051): 1265: Data truncated for column 'latitude' at row 1
2025-07-02 20:17:03,208 - ERROR - Erreur avec la ligne 7039 (code: 160042050): 1265: Data truncated for column 'latitude' at row 1
2025-07-02 20:17:03,217 - ERROR - Erreur avec la ligne 7040 (code: 160041005): 1265: Data truncated for column 'latitude' at row 1
2025-07-02 20:17:03,226 - ERROR - Erreur avec la ligne 7041 (code: 16240004): 1265: Data truncated for column 'latitude' at row 1
2025-07-02 20:17:03,234 - ERROR - Erreur avec la ligne 7042 (code: 160042083): 1265: Data truncated for column 'latitude' at row 1
2025-07-02 20:17:03,244 - ERROR - Erreur avec la ligne 7043 (code: 160041025): 1265: Data truncated for column 'latitude' at row 1
2025-07-02 20:17:03,252 - ERROR - Erreur avec la ligne 7044 (code: 160042117): 1265: Data truncated for column 'latitude' at row 1
2025-07-02 20:17:03,259 - ERROR - Erreur avec la ligne 7045 (code: 1623022): 1265: Data truncated for column 'latitude' at row 1
2025-07-02 20:17:03,310 - ERROR - Erreur avec la ligne 7046 (code: 160032120): 1265: Data truncated for column 'latitude' at row 1
2025-07-02 20:17:03,367 - ERROR - Erreur avec la ligne 7047 (code: 160031043): 1265: Data truncated for column 'latitude' at row 1
2025-07-02 20:17:03,460 - ERROR - Erreur avec la ligne 7048 (code: 160042082): 1265: Data truncated for column 'latitude' at row 1
2025-07-02 20:17:03,499 - ERROR - Erreur avec la ligne 7049 (code: 1600410002): 1265: Data truncated for column 'latitude' at row 1
2025-07-02 20:17:03,526 - ERROR - Erreur avec la ligne 7050 (code: 160032067): 1265: Data truncated for column 'latitude' at row 1
2025-07-02 20:17:03,563 - ERROR - Erreur avec la ligne 7051 (code: 160031036): 1265: Data truncated for column 'latitude' at row 1
2025-07-02 20:17:03,583 - ERROR - Erreur avec la ligne 7052 (code: 160042116): 1265: Data truncated for column 'latitude' at row 1
2025-07-02 20:17:03,617 - ERROR - Erreur avec la ligne 7053 (code: 160042045): 1265: Data truncated for column 'latitude' at row 1
2025-07-02 20:17:03,651 - ERROR - Erreur avec la ligne 7054 (code: 160042085): 1265: Data truncated for column 'latitude' at row 1
2025-07-02 20:17:03,698 - ERROR - Erreur avec la ligne 7055 (code: 160041030): 1265: Data truncated for column 'latitude' at row 1
2025-07-02 20:17:03,823 - ERROR - Erreur avec la ligne 7056 (code: 160032116): 1265: Data truncated for column 'latitude' at row 1
2025-07-02 20:17:03,833 - ERROR - Erreur avec la ligne 7057 (code: 160032061): 1265: Data truncated for column 'latitude' at row 1
2025-07-02 20:17:03,867 - ERROR - Erreur avec la ligne 7058 (code: 160031056): 1265: Data truncated for column 'latitude' at row 1
2025-07-02 20:17:03,877 - ERROR - Erreur avec la ligne 7059 (code: 160042121): 1265: Data truncated for column 'latitude' at row 1
2025-07-02 20:17:03,886 - ERROR - Erreur avec la ligne 7060 (code: 160042132): 1265: Data truncated for column 'latitude' at row 1
2025-07-02 20:17:03,897 - ERROR - Erreur avec la ligne 7061 (code: 160042017): 1265: Data truncated for column 'latitude' at row 1
2025-07-02 20:17:03,907 - ERROR - Erreur avec la ligne 7062 (code: 1623080): 1265: Data truncated for column 'latitude' at row 1
2025-07-02 20:17:03,914 - ERROR - Erreur avec la ligne 7063 (code: 160042115): 1265: Data truncated for column 'latitude' at row 1
2025-07-02 20:17:03,923 - ERROR - Erreur avec la ligne 7064 (code: 1623027): 1265: Data truncated for column 'latitude' at row 1
2025-07-02 20:17:03,933 - ERROR - Erreur avec la ligne 7065 (code: 160032044): 1265: Data truncated for column 'latitude' at row 1
2025-07-02 20:17:03,943 - ERROR - Erreur avec la ligne 7066 (code: 1600310003): 1265: Data truncated for column 'latitude' at row 1
2025-07-02 20:17:03,951 - ERROR - Erreur avec la ligne 7067 (code: 160042088): 1265: Data truncated for column 'latitude' at row 1
2025-07-02 20:17:03,959 - ERROR - Erreur avec la ligne 7068 (code: 160041008): 1265: Data truncated for column 'latitude' at row 1
2025-07-02 20:17:03,967 - ERROR - Erreur avec la ligne 7069 (code: 160042087): 1265: Data truncated for column 'latitude' at row 1
2025-07-02 20:17:03,975 - ERROR - Erreur avec la ligne 7070 (code: 160042086): 1265: Data truncated for column 'latitude' at row 1
2025-07-02 20:17:03,981 - ERROR - Erreur avec la ligne 7071 (code: 160042130): 1265: Data truncated for column 'latitude' at row 1
2025-07-02 20:17:03,989 - ERROR - Erreur avec la ligne 7072 (code: 160041024): 1265: Data truncated for column 'latitude' at row 1
2025-07-02 20:17:03,997 - ERROR - Erreur avec la ligne 7073 (code: 160042133): 1265: Data truncated for column 'latitude' at row 1
2025-07-02 20:17:04,004 - ERROR - Erreur avec la ligne 7074 (code: 1600410003): 1265: Data truncated for column 'latitude' at row 1
2025-07-02 20:17:04,013 - ERROR - Erreur avec la ligne 7075 (code: 1623050): 1265: Data truncated for column 'latitude' at row 1
2025-07-02 20:17:04,020 - ERROR - Erreur avec la ligne 7076 (code: 160041014): 1265: Data truncated for column 'latitude' at row 1
2025-07-02 20:17:04,030 - ERROR - Erreur avec la ligne 7077 (code: 160042114): 1265: Data truncated for column 'latitude' at row 1
2025-07-02 20:17:04,037 - ERROR - Erreur avec la ligne 7078 (code: 160042095): 1265: Data truncated for column 'latitude' at row 1
2025-07-02 20:17:04,047 - ERROR - Erreur avec la ligne 7079 (code: 1623077): 1265: Data truncated for column 'latitude' at row 1
2025-07-02 20:17:04,057 - ERROR - Erreur avec la ligne 7080 (code: 160042124): 1265: Data truncated for column 'latitude' at row 1
2025-07-02 20:17:04,068 - ERROR - Erreur avec la ligne 7081 (code: 160041029): 1265: Data truncated for column 'latitude' at row 1
2025-07-02 20:17:04,082 - ERROR - Erreur avec la ligne 7082 (code: 160042064): 1265: Data truncated for column 'latitude' at row 1
2025-07-02 20:17:04,105 - ERROR - Erreur avec la ligne 7083 (code: 160042027): 1265: Data truncated for column 'latitude' at row 1
2025-07-02 20:17:04,118 - ERROR - Erreur avec la ligne 7084 (code: 160041001): 1265: Data truncated for column 'latitude' at row 1
2025-07-02 20:17:04,131 - ERROR - Erreur avec la ligne 7085 (code: 160042018): 1265: Data truncated for column 'latitude' at row 1
2025-07-02 20:17:04,177 - ERROR - Erreur avec la ligne 7086 (code: 160041034): 1265: Data truncated for column 'latitude' at row 1
2025-07-02 20:17:04,190 - ERROR - Erreur avec la ligne 7087 (code: 160042019): 1265: Data truncated for column 'latitude' at row 1
2025-07-02 20:17:04,203 - ERROR - Erreur avec la ligne 7088 (code: 160032087): 1265: Data truncated for column 'latitude' at row 1
2025-07-02 20:17:04,227 - ERROR - Erreur avec la ligne 7089 (code: 160032115): 1265: Data truncated for column 'latitude' at row 1
2025-07-02 20:17:04,236 - ERROR - Erreur avec la ligne 7090 (code: 160032060): 1265: Data truncated for column 'latitude' at row 1
2025-07-02 20:17:04,254 - ERROR - Erreur avec la ligne 7091 (code: 160042071): 1265: Data truncated for column 'latitude' at row 1
2025-07-02 20:17:04,266 - ERROR - Erreur avec la ligne 7092 (code: 160042007): 1265: Data truncated for column 'latitude' at row 1
2025-07-02 20:17:04,278 - ERROR - Erreur avec la ligne 7093 (code: 160032110): 1265: Data truncated for column 'latitude' at row 1
2025-07-02 20:17:04,297 - ERROR - Erreur avec la ligne 7094 (code: 160042053): 1265: Data truncated for column 'latitude' at row 1
2025-07-02 20:17:04,303 - ERROR - Erreur avec la ligne 7095 (code: 160042034): 1265: Data truncated for column 'latitude' at row 1
2025-07-02 20:17:04,313 - ERROR - Erreur avec la ligne 7096 (code: 160032072): 1265: Data truncated for column 'latitude' at row 1
2025-07-02 20:17:04,322 - ERROR - Erreur avec la ligne 7097 (code: 160031013): 1265: Data truncated for column 'latitude' at row 1
2025-07-02 20:17:04,331 - ERROR - Erreur avec la ligne 7098 (code: 1623038): 1265: Data truncated for column 'latitude' at row 1
2025-07-02 20:17:04,376 - ERROR - Erreur avec la ligne 7099 (code: 160042021): 1265: Data truncated for column 'latitude' at row 1
2025-07-02 20:17:04,385 - INFO - Lot 71/153 : 100 lignes traitées en 57.96s (46.7% terminé)
2025-07-02 20:17:04,398 - ERROR - Erreur avec la ligne 7100 (code: 160042112): 1265: Data truncated for column 'latitude' at row 1
2025-07-02 20:17:04,408 - ERROR - Erreur avec la ligne 7101 (code: 1623079): 1265: Data truncated for column 'latitude' at row 1
2025-07-02 20:17:04,417 - ERROR - Erreur avec la ligne 7102 (code: 160042001): 1265: Data truncated for column 'latitude' at row 1
2025-07-02 20:17:04,429 - ERROR - Erreur avec la ligne 7103 (code: 160042119): 1265: Data truncated for column 'latitude' at row 1
2025-07-02 20:17:04,465 - ERROR - Erreur avec la ligne 7104 (code: 160032012): 1265: Data truncated for column 'latitude' at row 1
2025-07-02 20:17:04,475 - ERROR - Erreur avec la ligne 7105 (code: 160042033): 1265: Data truncated for column 'latitude' at row 1
2025-07-02 20:17:04,486 - ERROR - Erreur avec la ligne 7106 (code: 160032020): 1265: Data truncated for column 'latitude' at row 1
2025-07-02 20:17:04,499 - ERROR - Erreur avec la ligne 7107 (code: 160041017): 1265: Data truncated for column 'latitude' at row 1
2025-07-02 20:17:04,510 - ERROR - Erreur avec la ligne 7108 (code: 1623082): 1265: Data truncated for column 'latitude' at row 1
2025-07-02 20:17:04,519 - ERROR - Erreur avec la ligne 7109 (code: 160042054): 1265: Data truncated for column 'latitude' at row 1
2025-07-02 20:17:04,531 - ERROR - Erreur avec la ligne 7110 (code: 160042067): 1265: Data truncated for column 'latitude' at row 1
2025-07-02 20:17:04,541 - ERROR - Erreur avec la ligne 7111 (code: 160042015): 1265: Data truncated for column 'latitude' at row 1
2025-07-02 20:17:04,550 - ERROR - Erreur avec la ligne 7112 (code: 160042077): 1265: Data truncated for column 'latitude' at row 1
2025-07-02 20:17:04,561 - ERROR - Erreur avec la ligne 7113 (code: 160042076): 1265: Data truncated for column 'latitude' at row 1
2025-07-02 20:17:04,570 - ERROR - Erreur avec la ligne 7114 (code: 160042075): 1265: Data truncated for column 'latitude' at row 1
2025-07-02 20:17:04,580 - ERROR - Erreur avec la ligne 7115 (code: 160042014): 1265: Data truncated for column 'latitude' at row 1
2025-07-02 20:17:04,589 - ERROR - Erreur avec la ligne 7116 (code: 160041004): 1265: Data truncated for column 'latitude' at row 1
2025-07-02 20:17:04,597 - ERROR - Erreur avec la ligne 7117 (code: 160041015): 1265: Data truncated for column 'latitude' at row 1
2025-07-02 20:17:04,608 - ERROR - Erreur avec la ligne 7118 (code: 160042090): 1265: Data truncated for column 'latitude' at row 1
2025-07-02 20:17:04,618 - ERROR - Erreur avec la ligne 7119 (code: 160032036): 1265: Data truncated for column 'latitude' at row 1
2025-07-02 20:17:04,628 - ERROR - Erreur avec la ligne 7120 (code: 160031055): 1265: Data truncated for column 'latitude' at row 1
2025-07-02 20:17:04,642 - ERROR - Erreur avec la ligne 7121 (code: 1624006): 1265: Data truncated for column 'latitude' at row 1
2025-07-02 20:17:04,651 - ERROR - Erreur avec la ligne 7122 (code: 1623030): 1265: Data truncated for column 'latitude' at row 1
2025-07-02 20:17:04,662 - ERROR - Erreur avec la ligne 7123 (code: 160042040): 1265: Data truncated for column 'latitude' at row 1
2025-07-02 20:17:04,672 - ERROR - Erreur avec la ligne 7124 (code: 16230004): 1265: Data truncated for column 'latitude' at row 1
2025-07-02 20:17:04,682 - ERROR - Erreur avec la ligne 7125 (code: 1600320001): 1265: Data truncated for column 'latitude' at row 1
2025-07-02 20:17:04,691 - ERROR - Erreur avec la ligne 7126 (code: 160042039): 1265: Data truncated for column 'latitude' at row 1
2025-07-02 20:17:04,702 - ERROR - Erreur avec la ligne 7127 (code: 1623072): 1265: Data truncated for column 'latitude' at row 1
2025-07-02 20:17:04,714 - ERROR - Erreur avec la ligne 7128 (code: 160041032): 1265: Data truncated for column 'latitude' at row 1
2025-07-02 20:17:04,724 - ERROR - Erreur avec la ligne 7129 (code: 160031062): 1265: Data truncated for column 'latitude' at row 1
2025-07-02 20:17:04,735 - ERROR - Erreur avec la ligne 7130 (code: 160032118): 1265: Data truncated for column 'latitude' at row 1
2025-07-02 20:17:04,747 - ERROR - Erreur avec la ligne 7131 (code: 160032112): 1265: Data truncated for column 'latitude' at row 1
2025-07-02 20:17:04,757 - ERROR - Erreur avec la ligne 7132 (code: 160031033): 1265: Data truncated for column 'latitude' at row 1
2025-07-02 20:17:04,766 - ERROR - Erreur avec la ligne 7133 (code: 160032027): 1265: Data truncated for column 'latitude' at row 1
2025-07-02 20:17:04,777 - ERROR - Erreur avec la ligne 7134 (code: 160032095): 1265: Data truncated for column 'latitude' at row 1
2025-07-02 20:17:04,785 - ERROR - Erreur avec la ligne 7135 (code: 1623031): 1265: Data truncated for column 'latitude' at row 1
2025-07-02 20:17:04,798 - ERROR - Erreur avec la ligne 7136 (code: 1624018): 1265: Data truncated for column 'latitude' at row 1
2025-07-02 20:17:04,809 - ERROR - Erreur avec la ligne 7137 (code: 1623078): 1265: Data truncated for column 'latitude' at row 1
2025-07-02 20:17:04,818 - ERROR - Erreur avec la ligne 7138 (code: 160032054): 1265: Data truncated for column 'latitude' at row 1
2025-07-02 20:17:04,830 - ERROR - Erreur avec la ligne 7139 (code: 1623046): 1265: Data truncated for column 'latitude' at row 1
2025-07-02 20:17:04,841 - ERROR - Erreur avec la ligne 7140 (code: 160032105): 1265: Data truncated for column 'latitude' at row 1
2025-07-02 20:17:04,850 - ERROR - Erreur avec la ligne 7141 (code: 160032001): 1265: Data truncated for column 'latitude' at row 1
2025-07-02 20:17:04,862 - ERROR - Erreur avec la ligne 7142 (code: 1623074): 1265: Data truncated for column 'latitude' at row 1
2025-07-02 20:17:04,871 - ERROR - Erreur avec la ligne 7143 (code: 160031027): 1265: Data truncated for column 'latitude' at row 1
2025-07-02 20:17:04,884 - ERROR - Erreur avec la ligne 7144 (code: 160042031): 1265: Data truncated for column 'latitude' at row 1
2025-07-02 20:17:04,897 - ERROR - Erreur avec la ligne 7145 (code: 160032002): 1265: Data truncated for column 'latitude' at row 1
2025-07-02 20:17:04,912 - ERROR - Erreur avec la ligne 7146 (code: 160041003): 1265: Data truncated for column 'latitude' at row 1
2025-07-02 20:17:04,920 - ERROR - Erreur avec la ligne 7147 (code: 160042032): 1265: Data truncated for column 'latitude' at row 1
2025-07-02 20:17:04,932 - ERROR - Erreur avec la ligne 7148 (code: 160032108): 1265: Data truncated for column 'latitude' at row 1
2025-07-02 20:17:04,941 - ERROR - Erreur avec la ligne 7149 (code: 160032089): 1265: Data truncated for column 'latitude' at row 1
2025-07-02 20:17:04,950 - ERROR - Erreur avec la ligne 7150 (code: 160031028): 1265: Data truncated for column 'latitude' at row 1
2025-07-02 20:17:04,962 - ERROR - Erreur avec la ligne 7151 (code: 160042089): 1265: Data truncated for column 'latitude' at row 1
2025-07-02 20:17:04,972 - ERROR - Erreur avec la ligne 7152 (code: 1623023): 1265: Data truncated for column 'latitude' at row 1
2025-07-02 20:17:04,982 - ERROR - Erreur avec la ligne 7153 (code: 160032009): 1265: Data truncated for column 'latitude' at row 1
2025-07-02 20:17:04,991 - ERROR - Erreur avec la ligne 7154 (code: 1624010): 1265: Data truncated for column 'latitude' at row 1
2025-07-02 20:17:04,999 - ERROR - Erreur avec la ligne 7155 (code: 1623035): 1265: Data truncated for column 'latitude' at row 1
2025-07-02 20:17:05,010 - ERROR - Erreur avec la ligne 7156 (code: 1623081): 1265: Data truncated for column 'latitude' at row 1
2025-07-02 20:17:05,017 - ERROR - Erreur avec la ligne 7157 (code: 160032031): 1265: Data truncated for column 'latitude' at row 1
2025-07-02 20:17:05,029 - ERROR - Erreur avec la ligne 7158 (code: 160032030): 1265: Data truncated for column 'latitude' at row 1
2025-07-02 20:17:05,036 - ERROR - Erreur avec la ligne 7159 (code: 160032032): 1265: Data truncated for column 'latitude' at row 1
2025-07-02 20:17:05,047 - ERROR - Erreur avec la ligne 7160 (code: 160032010): 1265: Data truncated for column 'latitude' at row 1
2025-07-02 20:17:05,055 - ERROR - Erreur avec la ligne 7161 (code: 1600310004): 1265: Data truncated for column 'latitude' at row 1
2025-07-02 20:17:05,065 - ERROR - Erreur avec la ligne 7162 (code: 160032051): 1265: Data truncated for column 'latitude' at row 1
2025-07-02 20:17:05,076 - ERROR - Erreur avec la ligne 7163 (code: 160031007): 1265: Data truncated for column 'latitude' at row 1
2025-07-02 20:17:05,085 - ERROR - Erreur avec la ligne 7164 (code: 1600310001): 1265: Data truncated for column 'latitude' at row 1
2025-07-02 20:17:05,094 - ERROR - Erreur avec la ligne 7165 (code: 1623036): 1265: Data truncated for column 'latitude' at row 1
2025-07-02 20:17:05,102 - ERROR - Erreur avec la ligne 7166 (code: 160032109): 1265: Data truncated for column 'latitude' at row 1
2025-07-02 20:17:05,114 - ERROR - Erreur avec la ligne 7167 (code: 160031059): 1265: Data truncated for column 'latitude' at row 1
2025-07-02 20:17:05,124 - ERROR - Erreur avec la ligne 7168 (code: 160031003): 1265: Data truncated for column 'latitude' at row 1
2025-07-02 20:17:05,135 - ERROR - Erreur avec la ligne 7169 (code: 160032074): 1265: Data truncated for column 'latitude' at row 1
2025-07-02 20:17:05,144 - ERROR - Erreur avec la ligne 7170 (code: 160031014): 1265: Data truncated for column 'latitude' at row 1
2025-07-02 20:17:05,174 - ERROR - Erreur avec la ligne 7171 (code: 160032073): 1265: Data truncated for column 'latitude' at row 1
2025-07-02 20:17:05,188 - ERROR - Erreur avec la ligne 7172 (code: 160041018): 1265: Data truncated for column 'latitude' at row 1
2025-07-02 20:17:05,197 - ERROR - Erreur avec la ligne 7173 (code: 160042110): 1265: Data truncated for column 'latitude' at row 1
2025-07-02 20:17:05,206 - ERROR - Erreur avec la ligne 7174 (code: 160042111): 1265: Data truncated for column 'latitude' at row 1
2025-07-02 20:17:05,215 - ERROR - Erreur avec la ligne 7175 (code: 160032028): 1265: Data truncated for column 'latitude' at row 1
2025-07-02 20:17:05,223 - ERROR - Erreur avec la ligne 7176 (code: 160032029): 1265: Data truncated for column 'latitude' at row 1
2025-07-02 20:17:05,231 - ERROR - Erreur avec la ligne 7177 (code: 1623037): 1265: Data truncated for column 'latitude' at row 1
2025-07-02 20:17:05,239 - ERROR - Erreur avec la ligne 7178 (code: 160031008): 1265: Data truncated for column 'latitude' at row 1
2025-07-02 20:17:05,247 - ERROR - Erreur avec la ligne 7179 (code: 160032052): 1265: Data truncated for column 'latitude' at row 1
2025-07-02 20:17:05,255 - ERROR - Erreur avec la ligne 7180 (code: 1624008): 1265: Data truncated for column 'latitude' at row 1
2025-07-02 20:17:05,264 - ERROR - Erreur avec la ligne 7181 (code: 160032006): 1265: Data truncated for column 'latitude' at row 1
2025-07-02 20:17:05,272 - ERROR - Erreur avec la ligne 7182 (code: 160032023): 1265: Data truncated for column 'latitude' at row 1
2025-07-02 20:17:05,282 - ERROR - Erreur avec la ligne 7183 (code: 160032024): 1265: Data truncated for column 'latitude' at row 1
2025-07-02 20:17:05,292 - ERROR - Erreur avec la ligne 7184 (code: 160042049): 1265: Data truncated for column 'latitude' at row 1
2025-07-02 20:17:05,299 - ERROR - Erreur avec la ligne 7185 (code: 160032025): 1265: Data truncated for column 'latitude' at row 1
2025-07-02 20:17:05,308 - ERROR - Erreur avec la ligne 7186 (code: 160031030): 1265: Data truncated for column 'latitude' at row 1
2025-07-02 20:17:05,315 - ERROR - Erreur avec la ligne 7187 (code: 160031065): 1265: Data truncated for column 'latitude' at row 1
2025-07-02 20:17:05,326 - ERROR - Erreur avec la ligne 7188 (code: 160032122): 1265: Data truncated for column 'latitude' at row 1
2025-07-02 20:17:05,333 - ERROR - Erreur avec la ligne 7189 (code: 16230005): 1265: Data truncated for column 'latitude' at row 1
2025-07-02 20:17:05,341 - ERROR - Erreur avec la ligne 7190 (code: 160032102): 1265: Data truncated for column 'latitude' at row 1
2025-07-02 20:17:05,348 - ERROR - Erreur avec la ligne 7191 (code: 1623053): 1265: Data truncated for column 'latitude' at row 1
2025-07-02 20:17:05,356 - ERROR - Erreur avec la ligne 7192 (code: 160032076): 1265: Data truncated for column 'latitude' at row 1
2025-07-02 20:17:05,364 - ERROR - Erreur avec la ligne 7193 (code: 160032016): 1265: Data truncated for column 'latitude' at row 1
2025-07-02 20:17:05,372 - ERROR - Erreur avec la ligne 7194 (code: 1623032): 1265: Data truncated for column 'latitude' at row 1
2025-07-02 20:17:05,415 - ERROR - Erreur avec la ligne 7195 (code: 160032018): 1265: Data truncated for column 'latitude' at row 1
2025-07-02 20:17:05,427 - ERROR - Erreur avec la ligne 7196 (code: 160032017): 1265: Data truncated for column 'latitude' at row 1
2025-07-02 20:17:05,436 - ERROR - Erreur avec la ligne 7197 (code: 160031015): 1265: Data truncated for column 'latitude' at row 1
2025-07-02 20:17:05,448 - ERROR - Erreur avec la ligne 7198 (code: 160031042): 1265: Data truncated for column 'latitude' at row 1
2025-07-02 20:17:05,458 - ERROR - Erreur avec la ligne 7199 (code: 1624007): 1265: Data truncated for column 'latitude' at row 1
2025-07-02 20:17:05,467 - INFO - Lot 72/153 : 100 lignes traitées en 59.04s (47.3% terminé)
2025-07-02 20:17:05,501 - ERROR - Erreur avec la ligne 7200 (code: 160032075): 1265: Data truncated for column 'latitude' at row 1
2025-07-02 20:17:05,514 - ERROR - Erreur avec la ligne 7201 (code: 160032101): 1265: Data truncated for column 'latitude' at row 1
2025-07-02 20:17:05,528 - ERROR - Erreur avec la ligne 7202 (code: 1623024): 1265: Data truncated for column 'latitude' at row 1
2025-07-02 20:17:05,543 - ERROR - Erreur avec la ligne 7203 (code: 160042081): 1265: Data truncated for column 'latitude' at row 1
2025-07-02 20:17:05,555 - ERROR - Erreur avec la ligne 7204 (code: 160042101): 1265: Data truncated for column 'latitude' at row 1
2025-07-02 20:17:05,568 - ERROR - Erreur avec la ligne 7205 (code: 1623025): 1265: Data truncated for column 'latitude' at row 1
2025-07-02 20:17:05,582 - ERROR - Erreur avec la ligne 7206 (code: 16240006): 1265: Data truncated for column 'latitude' at row 1
2025-07-02 20:17:05,595 - ERROR - Erreur avec la ligne 7207 (code: 160041007): 1265: Data truncated for column 'latitude' at row 1
2025-07-02 20:17:05,608 - ERROR - Erreur avec la ligne 7208 (code: 160042063): 1265: Data truncated for column 'latitude' at row 1
2025-07-02 20:17:05,618 - ERROR - Erreur avec la ligne 7209 (code: 160042062): 1265: Data truncated for column 'latitude' at row 1
2025-07-02 20:17:05,648 - ERROR - Erreur avec la ligne 7210 (code: 160061041): 1265: Data truncated for column 'latitude' at row 1
2025-07-02 20:17:05,671 - ERROR - Erreur avec la ligne 7211 (code: 160042057): 1265: Data truncated for column 'latitude' at row 1
2025-07-02 20:17:05,683 - ERROR - Erreur avec la ligne 7212 (code: 160042026): 1265: Data truncated for column 'latitude' at row 1
2025-07-02 20:17:05,780 - ERROR - Erreur avec la ligne 7213 (code: 160042058): 1265: Data truncated for column 'latitude' at row 1
2025-07-02 20:17:05,801 - ERROR - Erreur avec la ligne 7214 (code: 160032086): 1265: Data truncated for column 'latitude' at row 1
2025-07-02 20:17:05,814 - ERROR - Erreur avec la ligne 7215 (code: 160042022): 1265: Data truncated for column 'latitude' at row 1
2025-07-02 20:17:05,823 - ERROR - Erreur avec la ligne 7216 (code: 160042104): 1265: Data truncated for column 'latitude' at row 1
2025-07-02 20:17:05,836 - ERROR - Erreur avec la ligne 7217 (code: 160042012): 1265: Data truncated for column 'latitude' at row 1
2025-07-02 20:17:05,848 - ERROR - Erreur avec la ligne 7218 (code: 1623063): 1265: Data truncated for column 'latitude' at row 1
2025-07-02 20:17:05,859 - ERROR - Erreur avec la ligne 7219 (code: 160032056): 1265: Data truncated for column 'latitude' at row 1
2025-07-02 20:17:05,872 - ERROR - Erreur avec la ligne 7220 (code: 160042038): 1265: Data truncated for column 'latitude' at row 1
2025-07-02 20:17:05,883 - ERROR - Erreur avec la ligne 7221 (code: 160041009): 1265: Data truncated for column 'latitude' at row 1
2025-07-02 20:17:05,892 - ERROR - Erreur avec la ligne 7222 (code: 160031049): 1265: Data truncated for column 'latitude' at row 1
2025-07-02 20:17:05,899 - ERROR - Erreur avec la ligne 7223 (code: 160051076): 1265: Data truncated for column 'latitude' at row 1
2025-07-02 20:17:05,908 - ERROR - Erreur avec la ligne 7224 (code: 160042055): 1265: Data truncated for column 'latitude' at row 1
2025-07-02 20:17:05,916 - ERROR - Erreur avec la ligne 7225 (code: 160042005): 1265: Data truncated for column 'latitude' at row 1
2025-07-02 20:17:05,924 - ERROR - Erreur avec la ligne 7226 (code: 160032011): 1265: Data truncated for column 'latitude' at row 1
2025-07-02 20:17:05,932 - ERROR - Erreur avec la ligne 7227 (code: 160032103): 1265: Data truncated for column 'latitude' at row 1
2025-07-02 20:17:05,941 - ERROR - Erreur avec la ligne 7228 (code: 160052073): 1265: Data truncated for column 'latitude' at row 1
2025-07-02 20:17:05,947 - ERROR - Erreur avec la ligne 7229 (code: 160032080): 1265: Data truncated for column 'latitude' at row 1
2025-07-02 20:17:05,955 - ERROR - Erreur avec la ligne 7230 (code: 160031052): 1265: Data truncated for column 'latitude' at row 1
2025-07-02 20:17:05,964 - ERROR - Erreur avec la ligne 7231 (code: 160031044): 1265: Data truncated for column 'latitude' at row 1
2025-07-02 20:17:05,970 - ERROR - Erreur avec la ligne 7232 (code: 160042041): 1265: Data truncated for column 'latitude' at row 1
2025-07-02 20:17:05,981 - ERROR - Erreur avec la ligne 7233 (code: 160041020): 1265: Data truncated for column 'latitude' at row 1
2025-07-02 20:17:05,989 - ERROR - Erreur avec la ligne 7234 (code: 160032113): 1265: Data truncated for column 'latitude' at row 1
2025-07-02 20:17:05,997 - ERROR - Erreur avec la ligne 7235 (code: 160032062): 1265: Data truncated for column 'latitude' at row 1
2025-07-02 20:17:06,007 - ERROR - Erreur avec la ligne 7236 (code: 160031046): 1265: Data truncated for column 'latitude' at row 1
2025-07-02 20:17:06,014 - ERROR - Erreur avec la ligne 7237 (code: 160042047): 1265: Data truncated for column 'latitude' at row 1
2025-07-02 20:17:06,022 - ERROR - Erreur avec la ligne 7238 (code: 160041026): 1265: Data truncated for column 'latitude' at row 1
2025-07-02 20:17:06,030 - ERROR - Erreur avec la ligne 7239 (code: 160042127): 1265: Data truncated for column 'latitude' at row 1
2025-07-02 20:17:06,039 - ERROR - Erreur avec la ligne 7240 (code: 160032111): 1265: Data truncated for column 'latitude' at row 1
2025-07-02 20:17:06,046 - ERROR - Erreur avec la ligne 7241 (code: 160042126): 1265: Data truncated for column 'latitude' at row 1
2025-07-02 20:17:06,054 - ERROR - Erreur avec la ligne 7242 (code: 160041002): 1265: Data truncated for column 'latitude' at row 1
2025-07-02 20:17:06,063 - ERROR - Erreur avec la ligne 7243 (code: 160042025): 1265: Data truncated for column 'latitude' at row 1
2025-07-02 20:17:06,073 - ERROR - Erreur avec la ligne 7244 (code: 160032068): 1265: Data truncated for column 'latitude' at row 1
2025-07-02 20:17:06,082 - ERROR - Erreur avec la ligne 7245 (code: 160031011): 1265: Data truncated for column 'latitude' at row 1
2025-07-02 20:17:06,090 - ERROR - Erreur avec la ligne 7246 (code: 1613122): 1265: Data truncated for column 'latitude' at row 1
2025-07-02 20:17:06,099 - ERROR - Erreur avec la ligne 7247 (code: 160042060): 1265: Data truncated for column 'latitude' at row 1
2025-07-02 20:17:06,107 - ERROR - Erreur avec la ligne 7248 (code: 160042069): 1265: Data truncated for column 'latitude' at row 1
2025-07-02 20:17:06,118 - ERROR - Erreur avec la ligne 7249 (code: 160042100): 1265: Data truncated for column 'latitude' at row 1
2025-07-02 20:17:06,128 - ERROR - Erreur avec la ligne 7250 (code: 160051065): 1265: Data truncated for column 'latitude' at row 1
2025-07-02 20:17:06,135 - ERROR - Erreur avec la ligne 7251 (code: 160052034): 1265: Data truncated for column 'latitude' at row 1
2025-07-02 20:17:06,144 - ERROR - Erreur avec la ligne 7252 (code: 160032092): 1265: Data truncated for column 'latitude' at row 1
2025-07-02 20:17:06,152 - ERROR - Erreur avec la ligne 7253 (code: 160031047): 1265: Data truncated for column 'latitude' at row 1
2025-07-02 20:17:06,161 - ERROR - Erreur avec la ligne 7254 (code: 160042125): 1265: Data truncated for column 'latitude' at row 1
2025-07-02 20:17:06,169 - ERROR - Erreur avec la ligne 7255 (code: 160041027): 1265: Data truncated for column 'latitude' at row 1
2025-07-02 20:17:06,178 - ERROR - Erreur avec la ligne 7256 (code: 160042106): 1265: Data truncated for column 'latitude' at row 1
2025-07-02 20:17:06,185 - ERROR - Erreur avec la ligne 7257 (code: 160042105): 1265: Data truncated for column 'latitude' at row 1
2025-07-02 20:17:06,197 - ERROR - Erreur avec la ligne 7258 (code: 1623070): 1265: Data truncated for column 'latitude' at row 1
2025-07-02 20:17:06,204 - ERROR - Erreur avec la ligne 7259 (code: 160042044): 1265: Data truncated for column 'latitude' at row 1
2025-07-02 20:17:06,212 - ERROR - Erreur avec la ligne 7260 (code: 160031048): 1265: Data truncated for column 'latitude' at row 1
2025-07-02 20:17:06,219 - ERROR - Erreur avec la ligne 7261 (code: 160032045): 1265: Data truncated for column 'latitude' at row 1
2025-07-02 20:17:06,229 - ERROR - Erreur avec la ligne 7262 (code: 1623039): 1265: Data truncated for column 'latitude' at row 1
2025-07-02 20:17:06,237 - ERROR - Erreur avec la ligne 7263 (code: 160032042): 1265: Data truncated for column 'latitude' at row 1
2025-07-02 20:17:06,245 - ERROR - Erreur avec la ligne 7264 (code: 160031031): 1265: Data truncated for column 'latitude' at row 1
2025-07-02 20:17:06,253 - ERROR - Erreur avec la ligne 7265 (code: 160052136): 1265: Data truncated for column 'latitude' at row 1
2025-07-02 20:17:06,262 - ERROR - Erreur avec la ligne 7266 (code: 160051120): 1265: Data truncated for column 'latitude' at row 1
2025-07-02 20:17:06,269 - ERROR - Erreur avec la ligne 7267 (code: 160032085): 1265: Data truncated for column 'latitude' at row 1
2025-07-02 20:17:06,278 - ERROR - Erreur avec la ligne 7268 (code: 160031019): 1265: Data truncated for column 'latitude' at row 1
2025-07-02 20:17:06,286 - ERROR - Erreur avec la ligne 7269 (code: 1623021): 1265: Data truncated for column 'latitude' at row 1
2025-07-02 20:17:06,294 - ERROR - Erreur avec la ligne 7270 (code: 160051109): 1265: Data truncated for column 'latitude' at row 1
2025-07-02 20:17:06,302 - ERROR - Erreur avec la ligne 7271 (code: 160052040): 1265: Data truncated for column 'latitude' at row 1
2025-07-02 20:17:06,310 - ERROR - Erreur avec la ligne 7272 (code: 160032033): 1265: Data truncated for column 'latitude' at row 1
2025-07-02 20:17:06,318 - ERROR - Erreur avec la ligne 7273 (code: 160032034): 1265: Data truncated for column 'latitude' at row 1
2025-07-02 20:17:06,326 - ERROR - Erreur avec la ligne 7274 (code: 160021081): 1265: Data truncated for column 'latitude' at row 1
2025-07-02 20:17:06,334 - ERROR - Erreur avec la ligne 7275 (code: 160031024): 1265: Data truncated for column 'latitude' at row 1
2025-07-02 20:17:06,343 - ERROR - Erreur avec la ligne 7276 (code: 160042056): 1265: Data truncated for column 'latitude' at row 1
2025-07-02 20:17:06,352 - ERROR - Erreur avec la ligne 7277 (code: 160052086): 1265: Data truncated for column 'latitude' at row 1
2025-07-02 20:17:06,362 - ERROR - Erreur avec la ligne 7278 (code: 160051104): 1265: Data truncated for column 'latitude' at row 1
2025-07-02 20:17:06,371 - ERROR - Erreur avec la ligne 7279 (code: 1623076): 1265: Data truncated for column 'latitude' at row 1
2025-07-02 20:17:06,381 - ERROR - Erreur avec la ligne 7280 (code: 1613025): 1265: Data truncated for column 'latitude' at row 1
2025-07-02 20:17:06,391 - ERROR - Erreur avec la ligne 7281 (code: 160052025): 1265: Data truncated for column 'latitude' at row 1
2025-07-02 20:17:06,399 - ERROR - Erreur avec la ligne 7282 (code: 1600510002): 1265: Data truncated for column 'latitude' at row 1
2025-07-02 20:17:06,408 - ERROR - Erreur avec la ligne 7283 (code: 16130003): 1265: Data truncated for column 'latitude' at row 1
2025-07-02 20:17:06,416 - ERROR - Erreur avec la ligne 7284 (code: 160052085): 1265: Data truncated for column 'latitude' at row 1
2025-07-02 20:17:06,425 - ERROR - Erreur avec la ligne 7285 (code: 160052155): 1265: Data truncated for column 'latitude' at row 1
2025-07-02 20:17:06,449 - ERROR - Erreur avec la ligne 7286 (code: 160051126): 1265: Data truncated for column 'latitude' at row 1
2025-07-02 20:17:06,463 - ERROR - Erreur avec la ligne 7287 (code: 160051023): 1265: Data truncated for column 'latitude' at row 1
2025-07-02 20:17:06,471 - ERROR - Erreur avec la ligne 7288 (code: 160032106): 1265: Data truncated for column 'latitude' at row 1
2025-07-02 20:17:06,481 - ERROR - Erreur avec la ligne 7289 (code: 160031064): 1265: Data truncated for column 'latitude' at row 1
2025-07-02 20:17:06,490 - ERROR - Erreur avec la ligne 7290 (code: 160051055): 1265: Data truncated for column 'latitude' at row 1
2025-07-02 20:17:06,518 - ERROR - Erreur avec la ligne 7291 (code: 160052027): 1265: Data truncated for column 'latitude' at row 1
2025-07-02 20:17:06,533 - ERROR - Erreur avec la ligne 7292 (code: 160032070): 1265: Data truncated for column 'latitude' at row 1
2025-07-02 20:17:06,543 - ERROR - Erreur avec la ligne 7293 (code: 160031037): 1265: Data truncated for column 'latitude' at row 1
2025-07-02 20:17:06,551 - ERROR - Erreur avec la ligne 7294 (code: 160032114): 1265: Data truncated for column 'latitude' at row 1
2025-07-02 20:17:06,560 - ERROR - Erreur avec la ligne 7295 (code: 160042096): 1265: Data truncated for column 'latitude' at row 1
2025-07-02 20:17:06,569 - ERROR - Erreur avec la ligne 7296 (code: 160031021): 1265: Data truncated for column 'latitude' at row 1
2025-07-02 20:17:06,579 - ERROR - Erreur avec la ligne 7297 (code: 160032090): 1265: Data truncated for column 'latitude' at row 1
2025-07-02 20:17:06,590 - ERROR - Erreur avec la ligne 7298 (code: 160052049): 1265: Data truncated for column 'latitude' at row 1
2025-07-02 20:17:06,602 - ERROR - Erreur avec la ligne 7299 (code: 160051084): 1265: Data truncated for column 'latitude' at row 1
2025-07-02 20:17:06,610 - INFO - Lot 73/153 : 100 lignes traitées en 60.18s (48.0% terminé)
2025-07-02 20:17:06,619 - ERROR - Erreur avec la ligne 7300 (code: 160042023): 1265: Data truncated for column 'latitude' at row 1
2025-07-02 20:17:06,627 - ERROR - Erreur avec la ligne 7301 (code: 160052078): 1265: Data truncated for column 'latitude' at row 1
2025-07-02 20:17:06,635 - ERROR - Erreur avec la ligne 7302 (code: 160052026): 1265: Data truncated for column 'latitude' at row 1
2025-07-02 20:17:06,644 - ERROR - Erreur avec la ligne 7303 (code: 160052146): 1265: Data truncated for column 'latitude' at row 1
2025-07-02 20:17:06,651 - ERROR - Erreur avec la ligne 7304 (code: 160051034): 1265: Data truncated for column 'latitude' at row 1
2025-07-02 20:17:06,660 - ERROR - Erreur avec la ligne 7305 (code: 160051070): 1265: Data truncated for column 'latitude' at row 1
2025-07-02 20:17:06,667 - ERROR - Erreur avec la ligne 7306 (code: 160042108): 1265: Data truncated for column 'latitude' at row 1
2025-07-02 20:17:06,677 - ERROR - Erreur avec la ligne 7307 (code: 160032093): 1265: Data truncated for column 'latitude' at row 1
2025-07-02 20:17:06,685 - ERROR - Erreur avec la ligne 7308 (code: 160032038): 1265: Data truncated for column 'latitude' at row 1
2025-07-02 20:17:06,696 - ERROR - Erreur avec la ligne 7309 (code: 160031025): 1265: Data truncated for column 'latitude' at row 1
2025-07-02 20:17:06,703 - ERROR - Erreur avec la ligne 7310 (code: 1614029): 1265: Data truncated for column 'latitude' at row 1
2025-07-02 20:17:06,715 - ERROR - Erreur avec la ligne 7311 (code: 1613020): 1265: Data truncated for column 'latitude' at row 1
2025-07-02 20:17:06,723 - ERROR - Erreur avec la ligne 7312 (code: 160052013): 1265: Data truncated for column 'latitude' at row 1
2025-07-02 20:17:06,731 - ERROR - Erreur avec la ligne 7313 (code: 160051024): 1265: Data truncated for column 'latitude' at row 1
2025-07-02 20:17:06,739 - ERROR - Erreur avec la ligne 7314 (code: 1613147): 1265: Data truncated for column 'latitude' at row 1
2025-07-02 20:17:06,747 - ERROR - Erreur avec la ligne 7315 (code: 160031053): 1265: Data truncated for column 'latitude' at row 1
2025-07-02 20:17:06,754 - ERROR - Erreur avec la ligne 7316 (code: 160031066): 1265: Data truncated for column 'latitude' at row 1
2025-07-02 20:17:06,763 - ERROR - Erreur avec la ligne 7317 (code: 160032119): 1265: Data truncated for column 'latitude' at row 1
2025-07-02 20:17:06,770 - ERROR - Erreur avec la ligne 7318 (code: 160032079): 1265: Data truncated for column 'latitude' at row 1
2025-07-02 20:17:06,779 - ERROR - Erreur avec la ligne 7319 (code: 160031017): 1265: Data truncated for column 'latitude' at row 1
2025-07-02 20:17:06,787 - ERROR - Erreur avec la ligne 7320 (code: 160032014): 1265: Data truncated for column 'latitude' at row 1
2025-07-02 20:17:06,795 - ERROR - Erreur avec la ligne 7321 (code: 160032015): 1265: Data truncated for column 'latitude' at row 1
2025-07-02 20:17:06,802 - ERROR - Erreur avec la ligne 7322 (code: 160031001): 1265: Data truncated for column 'latitude' at row 1
2025-07-02 20:17:06,811 - ERROR - Erreur avec la ligne 7323 (code: 160032013): 1265: Data truncated for column 'latitude' at row 1
2025-07-02 20:17:06,817 - ERROR - Erreur avec la ligne 7324 (code: 160032035): 1265: Data truncated for column 'latitude' at row 1
2025-07-02 20:17:06,826 - ERROR - Erreur avec la ligne 7325 (code: 160052018): 1265: Data truncated for column 'latitude' at row 1
2025-07-02 20:17:06,834 - ERROR - Erreur avec la ligne 7326 (code: 160051033): 1265: Data truncated for column 'latitude' at row 1
2025-07-02 20:17:06,844 - ERROR - Erreur avec la ligne 7327 (code: 160032069): 1265: Data truncated for column 'latitude' at row 1
2025-07-02 20:17:06,851 - ERROR - Erreur avec la ligne 7328 (code: 160031012): 1265: Data truncated for column 'latitude' at row 1
2025-07-02 20:17:06,859 - ERROR - Erreur avec la ligne 7329 (code: 1624013): 1265: Data truncated for column 'latitude' at row 1
2025-07-02 20:17:06,867 - ERROR - Erreur avec la ligne 7330 (code: 1623047): 1265: Data truncated for column 'latitude' at row 1
2025-07-02 20:17:06,875 - ERROR - Erreur avec la ligne 7331 (code: 1623029): 1265: Data truncated for column 'latitude' at row 1
2025-07-02 20:17:06,883 - ERROR - Erreur avec la ligne 7332 (code: 160042103): 1265: Data truncated for column 'latitude' at row 1
2025-07-02 20:17:06,891 - ERROR - Erreur avec la ligne 7333 (code: 1624005): 1265: Data truncated for column 'latitude' at row 1
2025-07-02 20:17:06,899 - ERROR - Erreur avec la ligne 7334 (code: 160032008): 1265: Data truncated for column 'latitude' at row 1
2025-07-02 20:17:06,906 - ERROR - Erreur avec la ligne 7335 (code: 160031058): 1265: Data truncated for column 'latitude' at row 1
2025-07-02 20:17:06,915 - ERROR - Erreur avec la ligne 7336 (code: 1623049): 1265: Data truncated for column 'latitude' at row 1
2025-07-02 20:17:06,923 - ERROR - Erreur avec la ligne 7337 (code: 160042098): 1265: Data truncated for column 'latitude' at row 1
2025-07-02 20:17:06,931 - ERROR - Erreur avec la ligne 7338 (code: 160041019): 1265: Data truncated for column 'latitude' at row 1
2025-07-02 20:17:06,939 - ERROR - Erreur avec la ligne 7339 (code: 160052154): 1265: Data truncated for column 'latitude' at row 1
2025-07-02 20:17:06,949 - ERROR - Erreur avec la ligne 7340 (code: 160051123): 1265: Data truncated for column 'latitude' at row 1
2025-07-02 20:17:06,955 - ERROR - Erreur avec la ligne 7341 (code: 160052108): 1265: Data truncated for column 'latitude' at row 1
2025-07-02 20:17:06,964 - ERROR - Erreur avec la ligne 7342 (code: 160052140): 1265: Data truncated for column 'latitude' at row 1
2025-07-02 20:17:06,971 - ERROR - Erreur avec la ligne 7343 (code: 160051074): 1265: Data truncated for column 'latitude' at row 1
2025-07-02 20:17:06,982 - ERROR - Erreur avec la ligne 7344 (code: 160052012): 1265: Data truncated for column 'latitude' at row 1
2025-07-02 20:17:06,992 - ERROR - Erreur avec la ligne 7345 (code: 160051132): 1265: Data truncated for column 'latitude' at row 1
2025-07-02 20:17:06,999 - ERROR - Erreur avec la ligne 7346 (code: 160032071): 1265: Data truncated for column 'latitude' at row 1
2025-07-02 20:17:07,007 - ERROR - Erreur avec la ligne 7347 (code: 160031051): 1265: Data truncated for column 'latitude' at row 1
2025-07-02 20:17:07,015 - ERROR - Erreur avec la ligne 7348 (code: 1623044): 1265: Data truncated for column 'latitude' at row 1
2025-07-02 20:17:07,024 - ERROR - Erreur avec la ligne 7349 (code: 160032077): 1265: Data truncated for column 'latitude' at row 1
2025-07-02 20:17:07,032 - ERROR - Erreur avec la ligne 7350 (code: 160032078): 1265: Data truncated for column 'latitude' at row 1
2025-07-02 20:17:07,041 - ERROR - Erreur avec la ligne 7351 (code: 1613113): 1265: Data truncated for column 'latitude' at row 1
2025-07-02 20:17:07,048 - ERROR - Erreur avec la ligne 7352 (code: 160031016): 1265: Data truncated for column 'latitude' at row 1
2025-07-02 20:17:07,057 - ERROR - Erreur avec la ligne 7353 (code: 160032046): 1265: Data truncated for column 'latitude' at row 1
2025-07-02 20:17:07,065 - ERROR - Erreur avec la ligne 7354 (code: 160031032): 1265: Data truncated for column 'latitude' at row 1
2025-07-02 20:17:07,075 - ERROR - Erreur avec la ligne 7355 (code: 160032005): 1265: Data truncated for column 'latitude' at row 1
2025-07-02 20:17:07,082 - ERROR - Erreur avec la ligne 7356 (code: 160052122): 1265: Data truncated for column 'latitude' at row 1
2025-07-02 20:17:07,090 - ERROR - Erreur avec la ligne 7357 (code: 160051106): 1265: Data truncated for column 'latitude' at row 1
2025-07-02 20:17:07,101 - ERROR - Erreur avec la ligne 7358 (code: 160052118): 1265: Data truncated for column 'latitude' at row 1
2025-07-02 20:17:07,110 - ERROR - Erreur avec la ligne 7359 (code: 160052087): 1265: Data truncated for column 'latitude' at row 1
2025-07-02 20:17:07,118 - ERROR - Erreur avec la ligne 7360 (code: 160052039): 1265: Data truncated for column 'latitude' at row 1
2025-07-02 20:17:07,126 - ERROR - Erreur avec la ligne 7361 (code: 160051107): 1265: Data truncated for column 'latitude' at row 1
2025-07-02 20:17:07,134 - ERROR - Erreur avec la ligne 7362 (code: 160051080): 1265: Data truncated for column 'latitude' at row 1
2025-07-02 20:17:07,142 - ERROR - Erreur avec la ligne 7363 (code: 160051105): 1265: Data truncated for column 'latitude' at row 1
2025-07-02 20:17:07,150 - ERROR - Erreur avec la ligne 7364 (code: 160032039): 1265: Data truncated for column 'latitude' at row 1
2025-07-02 20:17:07,159 - ERROR - Erreur avec la ligne 7365 (code: 160031004): 1265: Data truncated for column 'latitude' at row 1
2025-07-02 20:17:07,167 - ERROR - Erreur avec la ligne 7366 (code: 160052028): 1265: Data truncated for column 'latitude' at row 1
2025-07-02 20:17:07,176 - ERROR - Erreur avec la ligne 7367 (code: 160051071): 1265: Data truncated for column 'latitude' at row 1
2025-07-02 20:17:07,184 - ERROR - Erreur avec la ligne 7368 (code: 160042008): 1265: Data truncated for column 'latitude' at row 1
2025-07-02 20:17:07,193 - ERROR - Erreur avec la ligne 7369 (code: 160032055): 1265: Data truncated for column 'latitude' at row 1
2025-07-02 20:17:07,199 - ERROR - Erreur avec la ligne 7370 (code: 160031026): 1265: Data truncated for column 'latitude' at row 1
2025-07-02 20:17:07,208 - ERROR - Erreur avec la ligne 7371 (code: 160042048): 1265: Data truncated for column 'latitude' at row 1
2025-07-02 20:17:07,215 - ERROR - Erreur avec la ligne 7372 (code: 160041022): 1265: Data truncated for column 'latitude' at row 1
2025-07-02 20:17:07,223 - ERROR - Erreur avec la ligne 7373 (code: 160032066): 1265: Data truncated for column 'latitude' at row 1
2025-07-02 20:17:07,232 - ERROR - Erreur avec la ligne 7374 (code: 160031029): 1265: Data truncated for column 'latitude' at row 1
2025-07-02 20:17:07,244 - ERROR - Erreur avec la ligne 7375 (code: 160032049): 1265: Data truncated for column 'latitude' at row 1
2025-07-02 20:17:07,252 - ERROR - Erreur avec la ligne 7376 (code: 160031006): 1265: Data truncated for column 'latitude' at row 1
2025-07-02 20:17:07,263 - ERROR - Erreur avec la ligne 7377 (code: 160032104): 1265: Data truncated for column 'latitude' at row 1
2025-07-02 20:17:07,271 - ERROR - Erreur avec la ligne 7378 (code: 1613031): 1265: Data truncated for column 'latitude' at row 1
2025-07-02 20:17:07,279 - ERROR - Erreur avec la ligne 7379 (code: 160011058): 1265: Data truncated for column 'latitude' at row 1
2025-07-02 20:17:07,287 - ERROR - Erreur avec la ligne 7380 (code: 1613134): 1265: Data truncated for column 'latitude' at row 1
2025-07-02 20:17:07,296 - ERROR - Erreur avec la ligne 7381 (code: 160051072): 1265: Data truncated for column 'latitude' at row 1
2025-07-02 20:17:07,304 - ERROR - Erreur avec la ligne 7382 (code: 1623048): 1265: Data truncated for column 'latitude' at row 1
2025-07-02 20:17:07,315 - ERROR - Erreur avec la ligne 7383 (code: 160032065): 1265: Data truncated for column 'latitude' at row 1
2025-07-02 20:17:07,327 - ERROR - Erreur avec la ligne 7384 (code: 160032064): 1265: Data truncated for column 'latitude' at row 1
2025-07-02 20:17:07,336 - ERROR - Erreur avec la ligne 7385 (code: 160031010): 1265: Data truncated for column 'latitude' at row 1
2025-07-02 20:17:07,346 - ERROR - Erreur avec la ligne 7386 (code: 160052133): 1265: Data truncated for column 'latitude' at row 1
2025-07-02 20:17:07,354 - ERROR - Erreur avec la ligne 7387 (code: 160032081): 1265: Data truncated for column 'latitude' at row 1
2025-07-02 20:17:07,362 - ERROR - Erreur avec la ligne 7388 (code: 160031018): 1265: Data truncated for column 'latitude' at row 1
2025-07-02 20:17:07,369 - ERROR - Erreur avec la ligne 7389 (code: 160032082): 1265: Data truncated for column 'latitude' at row 1
2025-07-02 20:17:07,379 - ERROR - Erreur avec la ligne 7390 (code: 1623055): 1265: Data truncated for column 'latitude' at row 1
2025-07-02 20:17:07,386 - ERROR - Erreur avec la ligne 7391 (code: 160042006): 1265: Data truncated for column 'latitude' at row 1
2025-07-02 20:17:07,397 - ERROR - Erreur avec la ligne 7392 (code: 160052058): 1265: Data truncated for column 'latitude' at row 1
2025-07-02 20:17:07,405 - ERROR - Erreur avec la ligne 7393 (code: 160032040): 1265: Data truncated for column 'latitude' at row 1
2025-07-02 20:17:07,413 - ERROR - Erreur avec la ligne 7394 (code: 160031034): 1265: Data truncated for column 'latitude' at row 1
2025-07-02 20:17:07,422 - ERROR - Erreur avec la ligne 7395 (code: 160051041): 1265: Data truncated for column 'latitude' at row 1
2025-07-02 20:17:07,431 - ERROR - Erreur avec la ligne 7396 (code: 160051006): 1265: Data truncated for column 'latitude' at row 1
2025-07-02 20:17:07,438 - ERROR - Erreur avec la ligne 7397 (code: 160042013): 1265: Data truncated for column 'latitude' at row 1
2025-07-02 20:17:07,447 - ERROR - Erreur avec la ligne 7398 (code: 1613029): 1265: Data truncated for column 'latitude' at row 1
2025-07-02 20:17:07,457 - ERROR - Erreur avec la ligne 7399 (code: 160051092): 1265: Data truncated for column 'latitude' at row 1
2025-07-02 20:17:07,466 - INFO - Lot 74/153 : 100 lignes traitées en 61.04s (48.6% terminé)
2025-07-02 20:17:07,507 - ERROR - Erreur avec la ligne 7400 (code: 160052096): 1265: Data truncated for column 'latitude' at row 1
2025-07-02 20:17:07,516 - ERROR - Erreur avec la ligne 7401 (code: 160051056): 1265: Data truncated for column 'latitude' at row 1
2025-07-02 20:17:07,533 - ERROR - Erreur avec la ligne 7402 (code: 160052107): 1265: Data truncated for column 'latitude' at row 1
2025-07-02 20:17:07,544 - ERROR - Erreur avec la ligne 7403 (code: 160052106): 1265: Data truncated for column 'latitude' at row 1
2025-07-02 20:17:07,553 - ERROR - Erreur avec la ligne 7404 (code: 160052114): 1265: Data truncated for column 'latitude' at row 1
2025-07-02 20:17:07,562 - ERROR - Erreur avec la ligne 7405 (code: 160052094): 1265: Data truncated for column 'latitude' at row 1
2025-07-02 20:17:07,572 - ERROR - Erreur avec la ligne 7406 (code: 160051017): 1265: Data truncated for column 'latitude' at row 1
2025-07-02 20:17:07,581 - ERROR - Erreur avec la ligne 7407 (code: 160052057): 1265: Data truncated for column 'latitude' at row 1
2025-07-02 20:17:07,592 - ERROR - Erreur avec la ligne 7408 (code: 160051016): 1265: Data truncated for column 'latitude' at row 1
2025-07-02 20:17:07,602 - ERROR - Erreur avec la ligne 7409 (code: 160052042): 1265: Data truncated for column 'latitude' at row 1
2025-07-02 20:17:07,613 - ERROR - Erreur avec la ligne 7410 (code: 160051058): 1265: Data truncated for column 'latitude' at row 1
2025-07-02 20:17:07,622 - ERROR - Erreur avec la ligne 7411 (code: 160052045): 1265: Data truncated for column 'latitude' at row 1
2025-07-02 20:17:07,634 - ERROR - Erreur avec la ligne 7412 (code: 160051131): 1265: Data truncated for column 'latitude' at row 1
2025-07-02 20:17:07,647 - ERROR - Erreur avec la ligne 7413 (code: 160051086): 1265: Data truncated for column 'latitude' at row 1
2025-07-02 20:17:07,659 - ERROR - Erreur avec la ligne 7414 (code: 160051040): 1265: Data truncated for column 'latitude' at row 1
2025-07-02 20:17:07,670 - ERROR - Erreur avec la ligne 7415 (code: 160032022): 1265: Data truncated for column 'latitude' at row 1
2025-07-02 20:17:07,681 - ERROR - Erreur avec la ligne 7416 (code: 160031022): 1265: Data truncated for column 'latitude' at row 1
2025-07-02 20:17:07,691 - ERROR - Erreur avec la ligne 7417 (code: 160032021): 1265: Data truncated for column 'latitude' at row 1
2025-07-02 20:17:07,724 - ERROR - Erreur avec la ligne 7418 (code: 160052054): 1265: Data truncated for column 'latitude' at row 1
2025-07-02 20:17:07,734 - ERROR - Erreur avec la ligne 7419 (code: 160032100): 1265: Data truncated for column 'latitude' at row 1
2025-07-02 20:17:07,852 - ERROR - Erreur avec la ligne 7420 (code: 1613013): 1265: Data truncated for column 'latitude' at row 1
2025-07-02 20:17:07,877 - ERROR - Erreur avec la ligne 7421 (code: 1613015): 1265: Data truncated for column 'latitude' at row 1
2025-07-02 20:17:07,890 - ERROR - Erreur avec la ligne 7422 (code: 160031039): 1265: Data truncated for column 'latitude' at row 1
2025-07-02 20:17:07,905 - ERROR - Erreur avec la ligne 7423 (code: 160031038): 1265: Data truncated for column 'latitude' at row 1
2025-07-02 20:17:07,918 - ERROR - Erreur avec la ligne 7424 (code: 160032083): 1265: Data truncated for column 'latitude' at row 1
2025-07-02 20:17:07,932 - ERROR - Erreur avec la ligne 7425 (code: 160032088): 1265: Data truncated for column 'latitude' at row 1
2025-07-02 20:17:07,946 - ERROR - Erreur avec la ligne 7426 (code: 160031020): 1265: Data truncated for column 'latitude' at row 1
2025-07-02 20:17:07,960 - ERROR - Erreur avec la ligne 7427 (code: 160052081): 1265: Data truncated for column 'latitude' at row 1
2025-07-02 20:17:07,968 - ERROR - Erreur avec la ligne 7428 (code: 160051082): 1265: Data truncated for column 'latitude' at row 1
2025-07-02 20:17:07,979 - ERROR - Erreur avec la ligne 7429 (code: 160031041): 1265: Data truncated for column 'latitude' at row 1
2025-07-02 20:17:07,995 - ERROR - Erreur avec la ligne 7430 (code: 160032058): 1265: Data truncated for column 'latitude' at row 1
2025-07-02 20:17:08,008 - ERROR - Erreur avec la ligne 7431 (code: 160051042): 1265: Data truncated for column 'latitude' at row 1
2025-07-02 20:17:08,022 - ERROR - Erreur avec la ligne 7432 (code: 160052076): 1265: Data truncated for column 'latitude' at row 1
2025-07-02 20:17:08,032 - ERROR - Erreur avec la ligne 7433 (code: 160032057): 1265: Data truncated for column 'latitude' at row 1
2025-07-02 20:17:08,043 - ERROR - Erreur avec la ligne 7434 (code: 160032043): 1265: Data truncated for column 'latitude' at row 1
2025-07-02 20:17:08,050 - ERROR - Erreur avec la ligne 7435 (code: 1623058): 1265: Data truncated for column 'latitude' at row 1
2025-07-02 20:17:08,059 - ERROR - Erreur avec la ligne 7436 (code: 160031009): 1265: Data truncated for column 'latitude' at row 1
2025-07-02 20:17:08,065 - ERROR - Erreur avec la ligne 7437 (code: 160051099): 1265: Data truncated for column 'latitude' at row 1
2025-07-02 20:17:08,074 - ERROR - Erreur avec la ligne 7438 (code: 160032059): 1265: Data truncated for column 'latitude' at row 1
2025-07-02 20:17:08,081 - ERROR - Erreur avec la ligne 7439 (code: 160032098): 1265: Data truncated for column 'latitude' at row 1
2025-07-02 20:17:08,090 - ERROR - Erreur avec la ligne 7440 (code: 160031045): 1265: Data truncated for column 'latitude' at row 1
2025-07-02 20:17:08,096 - ERROR - Erreur avec la ligne 7441 (code: 160052129): 1265: Data truncated for column 'latitude' at row 1
2025-07-02 20:17:08,105 - ERROR - Erreur avec la ligne 7442 (code: 160052059): 1265: Data truncated for column 'latitude' at row 1
2025-07-02 20:17:08,115 - ERROR - Erreur avec la ligne 7443 (code: 160051088): 1265: Data truncated for column 'latitude' at row 1
2025-07-02 20:17:08,123 - ERROR - Erreur avec la ligne 7444 (code: 160052031): 1265: Data truncated for column 'latitude' at row 1
2025-07-02 20:17:08,131 - ERROR - Erreur avec la ligne 7445 (code: 160051064): 1265: Data truncated for column 'latitude' at row 1
2025-07-02 20:17:08,147 - ERROR - Erreur avec la ligne 7446 (code: 160052084): 1265: Data truncated for column 'latitude' at row 1
2025-07-02 20:17:08,157 - ERROR - Erreur avec la ligne 7447 (code: 160051053): 1265: Data truncated for column 'latitude' at row 1
2025-07-02 20:17:08,165 - ERROR - Erreur avec la ligne 7448 (code: 1624012): 1265: Data truncated for column 'latitude' at row 1
2025-07-02 20:17:08,174 - ERROR - Erreur avec la ligne 7449 (code: 1623026): 1265: Data truncated for column 'latitude' at row 1
2025-07-02 20:17:08,183 - ERROR - Erreur avec la ligne 7450 (code: 160032107): 1265: Data truncated for column 'latitude' at row 1
2025-07-02 20:17:08,192 - ERROR - Erreur avec la ligne 7451 (code: 1613108): 1265: Data truncated for column 'latitude' at row 1
2025-07-02 20:17:08,200 - ERROR - Erreur avec la ligne 7452 (code: 160052077): 1265: Data truncated for column 'latitude' at row 1
2025-07-02 20:17:08,210 - ERROR - Erreur avec la ligne 7453 (code: 1623041): 1265: Data truncated for column 'latitude' at row 1
2025-07-02 20:17:08,218 - ERROR - Erreur avec la ligne 7454 (code: 160051030): 1265: Data truncated for column 'latitude' at row 1
2025-07-02 20:17:08,229 - ERROR - Erreur avec la ligne 7455 (code: 1613109): 1265: Data truncated for column 'latitude' at row 1
2025-07-02 20:17:08,239 - ERROR - Erreur avec la ligne 7456 (code: 160051079): 1265: Data truncated for column 'latitude' at row 1
2025-07-02 20:17:08,248 - ERROR - Erreur avec la ligne 7457 (code: 160052127): 1265: Data truncated for column 'latitude' at row 1
2025-07-02 20:17:08,258 - ERROR - Erreur avec la ligne 7458 (code: 160052113): 1265: Data truncated for column 'latitude' at row 1
2025-07-02 20:17:08,266 - ERROR - Erreur avec la ligne 7459 (code: 160032099): 1265: Data truncated for column 'latitude' at row 1
2025-07-02 20:17:08,278 - ERROR - Erreur avec la ligne 7460 (code: 160031054): 1265: Data truncated for column 'latitude' at row 1
2025-07-02 20:17:08,290 - ERROR - Erreur avec la ligne 7461 (code: 160051049): 1265: Data truncated for column 'latitude' at row 1
2025-07-02 20:17:08,299 - ERROR - Erreur avec la ligne 7462 (code: 160052063): 1265: Data truncated for column 'latitude' at row 1
2025-07-02 20:17:08,311 - ERROR - Erreur avec la ligne 7463 (code: 160051037): 1265: Data truncated for column 'latitude' at row 1
2025-07-02 20:17:08,319 - ERROR - Erreur avec la ligne 7464 (code: 160052023): 1265: Data truncated for column 'latitude' at row 1
2025-07-02 20:17:08,329 - ERROR - Erreur avec la ligne 7465 (code: 160022148): 1265: Data truncated for column 'latitude' at row 1
2025-07-02 20:17:08,338 - ERROR - Erreur avec la ligne 7466 (code: 160022059): 1265: Data truncated for column 'latitude' at row 1
2025-07-02 20:17:08,347 - ERROR - Erreur avec la ligne 7467 (code: 160021066): 1265: Data truncated for column 'latitude' at row 1
2025-07-02 20:17:08,359 - ERROR - Erreur avec la ligne 7468 (code: 160052132): 1265: Data truncated for column 'latitude' at row 1
2025-07-02 20:17:08,368 - ERROR - Erreur avec la ligne 7469 (code: 160052024): 1265: Data truncated for column 'latitude' at row 1
2025-07-02 20:17:08,377 - ERROR - Erreur avec la ligne 7470 (code: 160051087): 1265: Data truncated for column 'latitude' at row 1
2025-07-02 20:17:08,386 - ERROR - Erreur avec la ligne 7471 (code: 160031040): 1265: Data truncated for column 'latitude' at row 1
2025-07-02 20:17:08,397 - ERROR - Erreur avec la ligne 7472 (code: 160032091): 1265: Data truncated for column 'latitude' at row 1
2025-07-02 20:17:08,406 - ERROR - Erreur avec la ligne 7473 (code: 160032037): 1265: Data truncated for column 'latitude' at row 1
2025-07-02 20:17:08,415 - ERROR - Erreur avec la ligne 7474 (code: 160052060): 1265: Data truncated for column 'latitude' at row 1
2025-07-02 20:17:08,425 - ERROR - Erreur avec la ligne 7475 (code: 160051101): 1265: Data truncated for column 'latitude' at row 1
2025-07-02 20:17:08,433 - ERROR - Erreur avec la ligne 7476 (code: 160062054): 1265: Data truncated for column 'latitude' at row 1
2025-07-02 20:17:08,444 - ERROR - Erreur avec la ligne 7477 (code: 160061067): 1265: Data truncated for column 'latitude' at row 1
2025-07-02 20:17:08,452 - ERROR - Erreur avec la ligne 7478 (code: 160052097): 1265: Data truncated for column 'latitude' at row 1
2025-07-02 20:17:08,462 - ERROR - Erreur avec la ligne 7479 (code: 160051077): 1265: Data truncated for column 'latitude' at row 1
2025-07-02 20:17:08,470 - ERROR - Erreur avec la ligne 7480 (code: 160052006): 1265: Data truncated for column 'latitude' at row 1
2025-07-02 20:17:08,478 - ERROR - Erreur avec la ligne 7481 (code: 160051046): 1265: Data truncated for column 'latitude' at row 1
2025-07-02 20:17:08,486 - ERROR - Erreur avec la ligne 7482 (code: 160052067): 1265: Data truncated for column 'latitude' at row 1
2025-07-02 20:17:08,496 - ERROR - Erreur avec la ligne 7483 (code: 160051009): 1265: Data truncated for column 'latitude' at row 1
2025-07-02 20:17:08,504 - ERROR - Erreur avec la ligne 7484 (code: 160051125): 1265: Data truncated for column 'latitude' at row 1
2025-07-02 20:17:08,513 - ERROR - Erreur avec la ligne 7485 (code: 1600520001): 1265: Data truncated for column 'latitude' at row 1
2025-07-02 20:17:08,522 - ERROR - Erreur avec la ligne 7486 (code: 160052041): 1265: Data truncated for column 'latitude' at row 1
2025-07-02 20:17:08,530 - ERROR - Erreur avec la ligne 7487 (code: 160032047): 1265: Data truncated for column 'latitude' at row 1
2025-07-02 20:17:08,559 - ERROR - Erreur avec la ligne 7488 (code: 160032048): 1265: Data truncated for column 'latitude' at row 1
2025-07-02 20:17:08,583 - ERROR - Erreur avec la ligne 7489 (code: 160052147): 1265: Data truncated for column 'latitude' at row 1
2025-07-02 20:17:08,593 - ERROR - Erreur avec la ligne 7490 (code: 160051118): 1265: Data truncated for column 'latitude' at row 1
2025-07-02 20:17:08,601 - ERROR - Erreur avec la ligne 7491 (code: 160031005): 1265: Data truncated for column 'latitude' at row 1
2025-07-02 20:17:08,611 - ERROR - Erreur avec la ligne 7492 (code: 1613026): 1265: Data truncated for column 'latitude' at row 1
2025-07-02 20:17:08,624 - ERROR - Erreur avec la ligne 7493 (code: 160051008): 1265: Data truncated for column 'latitude' at row 1
2025-07-02 20:17:08,633 - ERROR - Erreur avec la ligne 7494 (code: 1623059): 1265: Data truncated for column 'latitude' at row 1
2025-07-02 20:17:08,643 - ERROR - Erreur avec la ligne 7495 (code: 16140003): 1265: Data truncated for column 'latitude' at row 1
2025-07-02 20:17:08,651 - ERROR - Erreur avec la ligne 7496 (code: 1613084): 1265: Data truncated for column 'latitude' at row 1
2025-07-02 20:17:08,661 - ERROR - Erreur avec la ligne 7497 (code: 160032019): 1265: Data truncated for column 'latitude' at row 1
2025-07-02 20:17:08,669 - ERROR - Erreur avec la ligne 7498 (code: 160031002): 1265: Data truncated for column 'latitude' at row 1
2025-07-02 20:17:08,679 - ERROR - Erreur avec la ligne 7499 (code: 160032084): 1265: Data truncated for column 'latitude' at row 1
2025-07-02 20:17:08,690 - INFO - Lot 75/153 : 100 lignes traitées en 62.26s (49.3% terminé)
2025-07-02 20:17:08,699 - ERROR - Erreur avec la ligne 7500 (code: 1613027): 1265: Data truncated for column 'latitude' at row 1
2025-07-02 20:17:08,709 - ERROR - Erreur avec la ligne 7501 (code: 160031061): 1265: Data truncated for column 'latitude' at row 1
2025-07-02 20:17:08,717 - ERROR - Erreur avec la ligne 7502 (code: 1614051): 1265: Data truncated for column 'latitude' at row 1
2025-07-02 20:17:08,727 - ERROR - Erreur avec la ligne 7503 (code: 160052149): 1265: Data truncated for column 'latitude' at row 1
2025-07-02 20:17:08,735 - ERROR - Erreur avec la ligne 7504 (code: 160072150): 1265: Data truncated for column 'latitude' at row 1
2025-07-02 20:17:08,743 - ERROR - Erreur avec la ligne 7505 (code: 160051127): 1265: Data truncated for column 'latitude' at row 1
2025-07-02 20:17:08,751 - ERROR - Erreur avec la ligne 7506 (code: 160052142): 1265: Data truncated for column 'latitude' at row 1
2025-07-02 20:17:08,760 - ERROR - Erreur avec la ligne 7507 (code: 160051115): 1265: Data truncated for column 'latitude' at row 1
2025-07-02 20:17:08,767 - ERROR - Erreur avec la ligne 7508 (code: 160022086): 1265: Data truncated for column 'latitude' at row 1
2025-07-02 20:17:08,776 - ERROR - Erreur avec la ligne 7509 (code: 160051029): 1265: Data truncated for column 'latitude' at row 1
2025-07-02 20:17:08,784 - ERROR - Erreur avec la ligne 7510 (code: 1623040): 1265: Data truncated for column 'latitude' at row 1
2025-07-02 20:17:08,793 - ERROR - Erreur avec la ligne 7511 (code: 160052009): 1265: Data truncated for column 'latitude' at row 1
2025-07-02 20:17:08,800 - ERROR - Erreur avec la ligne 7512 (code: 160052112): 1265: Data truncated for column 'latitude' at row 1
2025-07-02 20:17:08,809 - ERROR - Erreur avec la ligne 7513 (code: 160052105): 1265: Data truncated for column 'latitude' at row 1
2025-07-02 20:17:08,817 - ERROR - Erreur avec la ligne 7514 (code: 160051097): 1265: Data truncated for column 'latitude' at row 1
2025-07-02 20:17:08,825 - ERROR - Erreur avec la ligne 7515 (code: 160052015): 1265: Data truncated for column 'latitude' at row 1
2025-07-02 20:17:08,835 - ERROR - Erreur avec la ligne 7516 (code: 160052007): 1265: Data truncated for column 'latitude' at row 1
2025-07-02 20:17:08,847 - ERROR - Erreur avec la ligne 7517 (code: 160052022): 1265: Data truncated for column 'latitude' at row 1
2025-07-02 20:17:08,856 - ERROR - Erreur avec la ligne 7518 (code: 160051015): 1265: Data truncated for column 'latitude' at row 1
2025-07-02 20:17:08,865 - ERROR - Erreur avec la ligne 7519 (code: 160052091): 1265: Data truncated for column 'latitude' at row 1
2025-07-02 20:17:08,874 - ERROR - Erreur avec la ligne 7520 (code: 160052090): 1265: Data truncated for column 'latitude' at row 1
2025-07-02 20:17:08,882 - ERROR - Erreur avec la ligne 7521 (code: 160051068): 1265: Data truncated for column 'latitude' at row 1
2025-07-02 20:17:08,890 - ERROR - Erreur avec la ligne 7522 (code: 1613017): 1265: Data truncated for column 'latitude' at row 1
2025-07-02 20:17:08,899 - ERROR - Erreur avec la ligne 7523 (code: 16140004): 1265: Data truncated for column 'latitude' at row 1
2025-07-02 20:17:08,909 - ERROR - Erreur avec la ligne 7524 (code: 160032026): 1265: Data truncated for column 'latitude' at row 1
2025-07-02 20:17:08,917 - ERROR - Erreur avec la ligne 7525 (code: 160051066): 1265: Data truncated for column 'latitude' at row 1
2025-07-02 20:17:08,926 - ERROR - Erreur avec la ligne 7526 (code: 160052062): 1265: Data truncated for column 'latitude' at row 1
2025-07-02 20:17:08,935 - ERROR - Erreur avec la ligne 7527 (code: 160031050): 1265: Data truncated for column 'latitude' at row 1
2025-07-02 20:17:08,946 - ERROR - Erreur avec la ligne 7528 (code: 160052125): 1265: Data truncated for column 'latitude' at row 1
2025-07-02 20:17:08,955 - ERROR - Erreur avec la ligne 7529 (code: 160051060): 1265: Data truncated for column 'latitude' at row 1
2025-07-02 20:17:08,963 - ERROR - Erreur avec la ligne 7530 (code: 160052075): 1265: Data truncated for column 'latitude' at row 1
2025-07-02 20:17:08,973 - ERROR - Erreur avec la ligne 7531 (code: 160051089): 1265: Data truncated for column 'latitude' at row 1
2025-07-02 20:17:08,980 - ERROR - Erreur avec la ligne 7532 (code: 1613028): 1265: Data truncated for column 'latitude' at row 1
2025-07-02 20:17:08,989 - ERROR - Erreur avec la ligne 7533 (code: 1613011): 1265: Data truncated for column 'latitude' at row 1
2025-07-02 20:17:08,997 - ERROR - Erreur avec la ligne 7534 (code: 1613023): 1265: Data truncated for column 'latitude' at row 1
2025-07-02 20:17:09,006 - ERROR - Erreur avec la ligne 7535 (code: 160022103): 1265: Data truncated for column 'latitude' at row 1
2025-07-02 20:17:09,017 - ERROR - Erreur avec la ligne 7536 (code: 1614008): 1265: Data truncated for column 'latitude' at row 1
2025-07-02 20:17:09,026 - ERROR - Erreur avec la ligne 7537 (code: 1600510001): 1265: Data truncated for column 'latitude' at row 1
2025-07-02 20:17:09,035 - ERROR - Erreur avec la ligne 7538 (code: 1613107): 1265: Data truncated for column 'latitude' at row 1
2025-07-02 20:17:09,044 - ERROR - Erreur avec la ligne 7539 (code: 160052001): 1265: Data truncated for column 'latitude' at row 1
2025-07-02 20:17:09,052 - ERROR - Erreur avec la ligne 7540 (code: 160052072): 1265: Data truncated for column 'latitude' at row 1
2025-07-02 20:17:09,062 - ERROR - Erreur avec la ligne 7541 (code: 160051031): 1265: Data truncated for column 'latitude' at row 1
2025-07-02 20:17:09,071 - ERROR - Erreur avec la ligne 7542 (code: 160052068): 1265: Data truncated for column 'latitude' at row 1
2025-07-02 20:17:09,079 - ERROR - Erreur avec la ligne 7543 (code: 160052021): 1265: Data truncated for column 'latitude' at row 1
2025-07-02 20:17:09,086 - ERROR - Erreur avec la ligne 7544 (code: 160052020): 1265: Data truncated for column 'latitude' at row 1
2025-07-02 20:17:09,097 - ERROR - Erreur avec la ligne 7545 (code: 160051050): 1265: Data truncated for column 'latitude' at row 1
2025-07-02 20:17:09,106 - ERROR - Erreur avec la ligne 7546 (code: 160052048): 1265: Data truncated for column 'latitude' at row 1
2025-07-02 20:17:09,115 - ERROR - Erreur avec la ligne 7547 (code: 160051007): 1265: Data truncated for column 'latitude' at row 1
2025-07-02 20:17:09,125 - ERROR - Erreur avec la ligne 7548 (code: 160021036): 1265: Data truncated for column 'latitude' at row 1
2025-07-02 20:17:09,133 - ERROR - Erreur avec la ligne 7549 (code: 160052156): 1265: Data truncated for column 'latitude' at row 1
2025-07-02 20:17:09,145 - ERROR - Erreur avec la ligne 7550 (code: 160051128): 1265: Data truncated for column 'latitude' at row 1
2025-07-02 20:17:09,152 - ERROR - Erreur avec la ligne 7551 (code: 160051001): 1265: Data truncated for column 'latitude' at row 1
2025-07-02 20:17:09,162 - ERROR - Erreur avec la ligne 7552 (code: 1613116): 1265: Data truncated for column 'latitude' at row 1
2025-07-02 20:17:09,170 - ERROR - Erreur avec la ligne 7553 (code: 160052061): 1265: Data truncated for column 'latitude' at row 1
2025-07-02 20:17:09,183 - ERROR - Erreur avec la ligne 7554 (code: 160051073): 1265: Data truncated for column 'latitude' at row 1
2025-07-02 20:17:09,196 - ERROR - Erreur avec la ligne 7555 (code: 160051096): 1265: Data truncated for column 'latitude' at row 1
2025-07-02 20:17:09,209 - ERROR - Erreur avec la ligne 7556 (code: 160032041): 1265: Data truncated for column 'latitude' at row 1
2025-07-02 20:17:09,221 - ERROR - Erreur avec la ligne 7557 (code: 160031035): 1265: Data truncated for column 'latitude' at row 1
2025-07-02 20:17:09,231 - ERROR - Erreur avec la ligne 7558 (code: 160022142): 1265: Data truncated for column 'latitude' at row 1
2025-07-02 20:17:09,240 - ERROR - Erreur avec la ligne 7559 (code: 160021069): 1265: Data truncated for column 'latitude' at row 1
2025-07-02 20:17:09,256 - ERROR - Erreur avec la ligne 7560 (code: 160051002): 1265: Data truncated for column 'latitude' at row 1
2025-07-02 20:17:09,269 - ERROR - Erreur avec la ligne 7561 (code: 160052111): 1265: Data truncated for column 'latitude' at row 1
2025-07-02 20:17:09,283 - ERROR - Erreur avec la ligne 7562 (code: 160052110): 1265: Data truncated for column 'latitude' at row 1
2025-07-02 20:17:09,294 - ERROR - Erreur avec la ligne 7563 (code: 1623067): 1265: Data truncated for column 'latitude' at row 1
2025-07-02 20:17:09,306 - ERROR - Erreur avec la ligne 7564 (code: 160062030): 1265: Data truncated for column 'latitude' at row 1
2025-07-02 20:17:09,320 - ERROR - Erreur avec la ligne 7565 (code: 160061079): 1265: Data truncated for column 'latitude' at row 1
2025-07-02 20:17:09,330 - ERROR - Erreur avec la ligne 7566 (code: 1614044): 1265: Data truncated for column 'latitude' at row 1
2025-07-02 20:17:09,336 - ERROR - Erreur avec la ligne 7567 (code: 1613014): 1265: Data truncated for column 'latitude' at row 1
2025-07-02 20:17:09,345 - ERROR - Erreur avec la ligne 7568 (code: 1624017): 1265: Data truncated for column 'latitude' at row 1
2025-07-02 20:17:09,351 - ERROR - Erreur avec la ligne 7569 (code: 1623054): 1265: Data truncated for column 'latitude' at row 1
2025-07-02 20:17:09,364 - ERROR - Erreur avec la ligne 7570 (code: 160022015): 1265: Data truncated for column 'latitude' at row 1
2025-07-02 20:17:09,372 - ERROR - Erreur avec la ligne 7571 (code: 160052038): 1265: Data truncated for column 'latitude' at row 1
2025-07-02 20:17:09,379 - ERROR - Erreur avec la ligne 7572 (code: 160022043): 1265: Data truncated for column 'latitude' at row 1
2025-07-02 20:17:09,386 - ERROR - Erreur avec la ligne 7573 (code: 160051039): 1265: Data truncated for column 'latitude' at row 1
2025-07-02 20:17:09,396 - ERROR - Erreur avec la ligne 7574 (code: 160052052): 1265: Data truncated for column 'latitude' at row 1
2025-07-02 20:17:09,404 - ERROR - Erreur avec la ligne 7575 (code: 160062069): 1265: Data truncated for column 'latitude' at row 1
2025-07-02 20:17:09,412 - ERROR - Erreur avec la ligne 7576 (code: 16230003): 1265: Data truncated for column 'latitude' at row 1
2025-07-02 20:17:09,419 - ERROR - Erreur avec la ligne 7577 (code: 160061040): 1265: Data truncated for column 'latitude' at row 1
2025-07-02 20:17:09,431 - ERROR - Erreur avec la ligne 7578 (code: 160052036): 1265: Data truncated for column 'latitude' at row 1
2025-07-02 20:17:09,440 - ERROR - Erreur avec la ligne 7579 (code: 160021011): 1265: Data truncated for column 'latitude' at row 1
2025-07-02 20:17:09,448 - ERROR - Erreur avec la ligne 7580 (code: 160051108): 1265: Data truncated for column 'latitude' at row 1
2025-07-02 20:17:09,458 - ERROR - Erreur avec la ligne 7581 (code: 160022084): 1265: Data truncated for column 'latitude' at row 1
2025-07-02 20:17:09,465 - ERROR - Erreur avec la ligne 7582 (code: 160051112): 1265: Data truncated for column 'latitude' at row 1
2025-07-02 20:17:09,475 - ERROR - Erreur avec la ligne 7583 (code: 1613032): 1265: Data truncated for column 'latitude' at row 1
2025-07-02 20:17:09,482 - ERROR - Erreur avec la ligne 7584 (code: 160052117): 1265: Data truncated for column 'latitude' at row 1
2025-07-02 20:17:09,491 - ERROR - Erreur avec la ligne 7585 (code: 160052134): 1265: Data truncated for column 'latitude' at row 1
2025-07-02 20:17:09,500 - ERROR - Erreur avec la ligne 7586 (code: 160051038): 1265: Data truncated for column 'latitude' at row 1
2025-07-02 20:17:09,509 - ERROR - Erreur avec la ligne 7587 (code: 160052033): 1265: Data truncated for column 'latitude' at row 1
2025-07-02 20:17:09,517 - ERROR - Erreur avec la ligne 7588 (code: 1623043): 1265: Data truncated for column 'latitude' at row 1
2025-07-02 20:17:09,527 - ERROR - Erreur avec la ligne 7589 (code: 160052104): 1265: Data truncated for column 'latitude' at row 1
2025-07-02 20:17:09,535 - ERROR - Erreur avec la ligne 7590 (code: 160032063): 1265: Data truncated for column 'latitude' at row 1
2025-07-02 20:17:09,579 - ERROR - Erreur avec la ligne 7591 (code: 160051094): 1265: Data truncated for column 'latitude' at row 1
2025-07-02 20:17:09,604 - ERROR - Erreur avec la ligne 7592 (code: 160052047): 1265: Data truncated for column 'latitude' at row 1
2025-07-02 20:17:09,613 - ERROR - Erreur avec la ligne 7593 (code: 160072152): 1265: Data truncated for column 'latitude' at row 1
2025-07-02 20:17:09,624 - ERROR - Erreur avec la ligne 7594 (code: 160052051): 1265: Data truncated for column 'latitude' at row 1
2025-07-02 20:17:09,633 - ERROR - Erreur avec la ligne 7595 (code: 160022107): 1265: Data truncated for column 'latitude' at row 1
2025-07-02 20:17:09,645 - ERROR - Erreur avec la ligne 7596 (code: 160051102): 1265: Data truncated for column 'latitude' at row 1
2025-07-02 20:17:09,657 - ERROR - Erreur avec la ligne 7597 (code: 160062077): 1265: Data truncated for column 'latitude' at row 1
2025-07-02 20:17:09,665 - ERROR - Erreur avec la ligne 7598 (code: 160061055): 1265: Data truncated for column 'latitude' at row 1
2025-07-02 20:17:09,677 - ERROR - Erreur avec la ligne 7599 (code: 160052150): 1265: Data truncated for column 'latitude' at row 1
2025-07-02 20:17:09,683 - INFO - Lot 76/153 : 100 lignes traitées en 63.26s (49.9% terminé)
2025-07-02 20:17:09,694 - ERROR - Erreur avec la ligne 7600 (code: 160051117): 1265: Data truncated for column 'latitude' at row 1
2025-07-02 20:17:09,703 - ERROR - Erreur avec la ligne 7601 (code: 160062106): 1265: Data truncated for column 'latitude' at row 1
2025-07-02 20:17:09,713 - ERROR - Erreur avec la ligne 7602 (code: 160022004): 1265: Data truncated for column 'latitude' at row 1
2025-07-02 20:17:09,722 - ERROR - Erreur avec la ligne 7603 (code: 160061069): 1265: Data truncated for column 'latitude' at row 1
2025-07-02 20:17:09,732 - ERROR - Erreur avec la ligne 7604 (code: 160052128): 1265: Data truncated for column 'latitude' at row 1
2025-07-02 20:17:09,741 - ERROR - Erreur avec la ligne 7605 (code: 160052053): 1265: Data truncated for column 'latitude' at row 1
2025-07-02 20:17:09,750 - ERROR - Erreur avec la ligne 7606 (code: 160022066): 1265: Data truncated for column 'latitude' at row 1
2025-07-02 20:17:09,759 - ERROR - Erreur avec la ligne 7607 (code: 160062010): 1265: Data truncated for column 'latitude' at row 1
2025-07-02 20:17:09,768 - ERROR - Erreur avec la ligne 7608 (code: 160051011): 1265: Data truncated for column 'latitude' at row 1
2025-07-02 20:17:09,779 - ERROR - Erreur avec la ligne 7609 (code: 160052130): 1265: Data truncated for column 'latitude' at row 1
2025-07-02 20:17:09,789 - ERROR - Erreur avec la ligne 7610 (code: 160052043): 1265: Data truncated for column 'latitude' at row 1
2025-07-02 20:17:09,797 - ERROR - Erreur avec la ligne 7611 (code: 160051062): 1265: Data truncated for column 'latitude' at row 1
2025-07-02 20:17:09,804 - ERROR - Erreur avec la ligne 7612 (code: 1613012): 1265: Data truncated for column 'latitude' at row 1
2025-07-02 20:17:09,813 - ERROR - Erreur avec la ligne 7613 (code: 160022047): 1265: Data truncated for column 'latitude' at row 1
2025-07-02 20:17:09,823 - ERROR - Erreur avec la ligne 7614 (code: 160022009): 1265: Data truncated for column 'latitude' at row 1
2025-07-02 20:17:09,831 - ERROR - Erreur avec la ligne 7615 (code: 160022022): 1265: Data truncated for column 'latitude' at row 1
2025-07-02 20:17:09,841 - ERROR - Erreur avec la ligne 7616 (code: 160051116): 1265: Data truncated for column 'latitude' at row 1
2025-07-02 20:17:09,849 - ERROR - Erreur avec la ligne 7617 (code: 160051004): 1265: Data truncated for column 'latitude' at row 1
2025-07-02 20:17:09,858 - ERROR - Erreur avec la ligne 7618 (code: 160021009): 1265: Data truncated for column 'latitude' at row 1
2025-07-02 20:17:09,866 - ERROR - Erreur avec la ligne 7619 (code: 160052101): 1265: Data truncated for column 'latitude' at row 1
2025-07-02 20:17:09,877 - ERROR - Erreur avec la ligne 7620 (code: 160062127): 1265: Data truncated for column 'latitude' at row 1
2025-07-02 20:17:09,885 - ERROR - Erreur avec la ligne 7621 (code: 160052016): 1265: Data truncated for column 'latitude' at row 1
2025-07-02 20:17:09,893 - ERROR - Erreur avec la ligne 7622 (code: 1613088): 1265: Data truncated for column 'latitude' at row 1
2025-07-02 20:17:09,901 - ERROR - Erreur avec la ligne 7623 (code: 160052014): 1265: Data truncated for column 'latitude' at row 1
2025-07-02 20:17:09,910 - ERROR - Erreur avec la ligne 7624 (code: 160051036): 1265: Data truncated for column 'latitude' at row 1
2025-07-02 20:17:09,917 - ERROR - Erreur avec la ligne 7625 (code: 160022101): 1265: Data truncated for column 'latitude' at row 1
2025-07-02 20:17:09,927 - ERROR - Erreur avec la ligne 7626 (code: 160021083): 1265: Data truncated for column 'latitude' at row 1
2025-07-02 20:17:09,934 - ERROR - Erreur avec la ligne 7627 (code: 160052141): 1265: Data truncated for column 'latitude' at row 1
2025-07-02 20:17:09,944 - ERROR - Erreur avec la ligne 7628 (code: 160052089): 1265: Data truncated for column 'latitude' at row 1
2025-07-02 20:17:09,953 - ERROR - Erreur avec la ligne 7629 (code: 160051061): 1265: Data truncated for column 'latitude' at row 1
2025-07-02 20:17:09,962 - ERROR - Erreur avec la ligne 7630 (code: 160052151): 1265: Data truncated for column 'latitude' at row 1
2025-07-02 20:17:09,970 - ERROR - Erreur avec la ligne 7631 (code: 160051122): 1265: Data truncated for column 'latitude' at row 1
2025-07-02 20:17:10,064 - ERROR - Erreur avec la ligne 7632 (code: 160052004): 1265: Data truncated for column 'latitude' at row 1
2025-07-02 20:17:10,082 - ERROR - Erreur avec la ligne 7633 (code: 1613021): 1265: Data truncated for column 'latitude' at row 1
2025-07-02 20:17:10,095 - ERROR - Erreur avec la ligne 7634 (code: 1614006): 1265: Data truncated for column 'latitude' at row 1
2025-07-02 20:17:10,102 - ERROR - Erreur avec la ligne 7635 (code: 160051054): 1265: Data truncated for column 'latitude' at row 1
2025-07-02 20:17:10,112 - ERROR - Erreur avec la ligne 7636 (code: 160052093): 1265: Data truncated for column 'latitude' at row 1
2025-07-02 20:17:10,120 - ERROR - Erreur avec la ligne 7637 (code: 160052152): 1265: Data truncated for column 'latitude' at row 1
2025-07-02 20:17:10,131 - ERROR - Erreur avec la ligne 7638 (code: 1613033): 1265: Data truncated for column 'latitude' at row 1
2025-07-02 20:17:10,140 - ERROR - Erreur avec la ligne 7639 (code: 160051121): 1265: Data truncated for column 'latitude' at row 1
2025-07-02 20:17:10,148 - ERROR - Erreur avec la ligne 7640 (code: 160051014): 1265: Data truncated for column 'latitude' at row 1
2025-07-02 20:17:10,157 - ERROR - Erreur avec la ligne 7641 (code: 160022012): 1265: Data truncated for column 'latitude' at row 1
2025-07-02 20:17:10,167 - ERROR - Erreur avec la ligne 7642 (code: 1613117): 1265: Data truncated for column 'latitude' at row 1
2025-07-02 20:17:10,176 - ERROR - Erreur avec la ligne 7643 (code: 1623018): 1265: Data truncated for column 'latitude' at row 1
2025-07-02 20:17:10,185 - ERROR - Erreur avec la ligne 7644 (code: 160022147): 1265: Data truncated for column 'latitude' at row 1
2025-07-02 20:17:10,194 - ERROR - Erreur avec la ligne 7645 (code: 160022008): 1265: Data truncated for column 'latitude' at row 1
2025-07-02 20:17:10,201 - ERROR - Erreur avec la ligne 7646 (code: 160021034): 1265: Data truncated for column 'latitude' at row 1
2025-07-02 20:17:10,210 - ERROR - Erreur avec la ligne 7647 (code: 160052002): 1265: Data truncated for column 'latitude' at row 1
2025-07-02 20:17:10,217 - ERROR - Erreur avec la ligne 7648 (code: 160052131): 1265: Data truncated for column 'latitude' at row 1
2025-07-02 20:17:10,226 - ERROR - Erreur avec la ligne 7649 (code: 160051085): 1265: Data truncated for column 'latitude' at row 1
2025-07-02 20:17:10,234 - ERROR - Erreur avec la ligne 7650 (code: 160051048): 1265: Data truncated for column 'latitude' at row 1
2025-07-02 20:17:10,244 - ERROR - Erreur avec la ligne 7651 (code: 160052050): 1265: Data truncated for column 'latitude' at row 1
2025-07-02 20:17:10,251 - ERROR - Erreur avec la ligne 7652 (code: 160022123): 1265: Data truncated for column 'latitude' at row 1
2025-07-02 20:17:10,260 - ERROR - Erreur avec la ligne 7653 (code: 1613085): 1265: Data truncated for column 'latitude' at row 1
2025-07-02 20:17:10,269 - ERROR - Erreur avec la ligne 7654 (code: 160051114): 1265: Data truncated for column 'latitude' at row 1
2025-07-02 20:17:10,278 - ERROR - Erreur avec la ligne 7655 (code: 160051003): 1265: Data truncated for column 'latitude' at row 1
2025-07-02 20:17:10,286 - ERROR - Erreur avec la ligne 7656 (code: 160052011): 1265: Data truncated for column 'latitude' at row 1
2025-07-02 20:17:10,296 - ERROR - Erreur avec la ligne 7657 (code: 160052080): 1265: Data truncated for column 'latitude' at row 1
2025-07-02 20:17:10,303 - ERROR - Erreur avec la ligne 7658 (code: 160052079): 1265: Data truncated for column 'latitude' at row 1
2025-07-02 20:17:10,313 - ERROR - Erreur avec la ligne 7659 (code: 160022097): 1265: Data truncated for column 'latitude' at row 1
2025-07-02 20:17:10,320 - ERROR - Erreur avec la ligne 7660 (code: 160021082): 1265: Data truncated for column 'latitude' at row 1
2025-07-02 20:17:10,329 - ERROR - Erreur avec la ligne 7661 (code: 1613149): 1265: Data truncated for column 'latitude' at row 1
2025-07-02 20:17:10,337 - ERROR - Erreur avec la ligne 7662 (code: 1600520002): 1265: Data truncated for column 'latitude' at row 1
2025-07-02 20:17:10,345 - ERROR - Erreur avec la ligne 7663 (code: 1613140): 1265: Data truncated for column 'latitude' at row 1
2025-07-02 20:17:10,352 - ERROR - Erreur avec la ligne 7664 (code: 16140006): 1265: Data truncated for column 'latitude' at row 1
2025-07-02 20:17:10,367 - ERROR - Erreur avec la ligne 7665 (code: 160051134): 1265: Data truncated for column 'latitude' at row 1
2025-07-02 20:17:10,377 - ERROR - Erreur avec la ligne 7666 (code: 1613022): 1265: Data truncated for column 'latitude' at row 1
2025-07-02 20:17:10,385 - ERROR - Erreur avec la ligne 7667 (code: 160052005): 1265: Data truncated for column 'latitude' at row 1
2025-07-02 20:17:10,395 - ERROR - Erreur avec la ligne 7668 (code: 1614007): 1265: Data truncated for column 'latitude' at row 1
2025-07-02 20:17:10,403 - ERROR - Erreur avec la ligne 7669 (code: 160052082): 1265: Data truncated for column 'latitude' at row 1
2025-07-02 20:17:10,411 - ERROR - Erreur avec la ligne 7670 (code: 160062048): 1265: Data truncated for column 'latitude' at row 1
2025-07-02 20:17:10,419 - ERROR - Erreur avec la ligne 7671 (code: 160062139): 1265: Data truncated for column 'latitude' at row 1
2025-07-02 20:17:10,427 - ERROR - Erreur avec la ligne 7672 (code: 160062028): 1265: Data truncated for column 'latitude' at row 1
2025-07-02 20:17:10,435 - ERROR - Erreur avec la ligne 7673 (code: 160061033): 1265: Data truncated for column 'latitude' at row 1
2025-07-02 20:17:10,444 - ERROR - Erreur avec la ligne 7674 (code: 160052126): 1265: Data truncated for column 'latitude' at row 1
2025-07-02 20:17:10,452 - ERROR - Erreur avec la ligne 7675 (code: 160022131): 1265: Data truncated for column 'latitude' at row 1
2025-07-02 20:17:10,461 - ERROR - Erreur avec la ligne 7676 (code: 160021031): 1265: Data truncated for column 'latitude' at row 1
2025-07-02 20:17:10,469 - ERROR - Erreur avec la ligne 7677 (code: 160021008): 1265: Data truncated for column 'latitude' at row 1
2025-07-02 20:17:10,478 - ERROR - Erreur avec la ligne 7678 (code: 160022145): 1265: Data truncated for column 'latitude' at row 1
2025-07-02 20:17:10,486 - ERROR - Erreur avec la ligne 7679 (code: 160022021): 1265: Data truncated for column 'latitude' at row 1
2025-07-02 20:17:10,495 - ERROR - Erreur avec la ligne 7680 (code: 160022003): 1265: Data truncated for column 'latitude' at row 1
2025-07-02 20:17:10,503 - ERROR - Erreur avec la ligne 7681 (code: 160021055): 1265: Data truncated for column 'latitude' at row 1
2025-07-02 20:17:10,513 - ERROR - Erreur avec la ligne 7682 (code: 160022074): 1265: Data truncated for column 'latitude' at row 1
2025-07-02 20:17:10,522 - ERROR - Erreur avec la ligne 7683 (code: 160051095): 1265: Data truncated for column 'latitude' at row 1
2025-07-02 20:17:10,531 - ERROR - Erreur avec la ligne 7684 (code: 160052095): 1265: Data truncated for column 'latitude' at row 1
2025-07-02 20:17:10,540 - ERROR - Erreur avec la ligne 7685 (code: 160051043): 1265: Data truncated for column 'latitude' at row 1
2025-07-02 20:17:10,548 - ERROR - Erreur avec la ligne 7686 (code: 160021077): 1265: Data truncated for column 'latitude' at row 1
2025-07-02 20:17:10,557 - ERROR - Erreur avec la ligne 7687 (code: 160062123): 1265: Data truncated for column 'latitude' at row 1
2025-07-02 20:17:10,568 - ERROR - Erreur avec la ligne 7688 (code: 160022154): 1265: Data truncated for column 'latitude' at row 1
2025-07-02 20:17:10,606 - ERROR - Erreur avec la ligne 7689 (code: 160062112): 1265: Data truncated for column 'latitude' at row 1
2025-07-02 20:17:10,614 - ERROR - Erreur avec la ligne 7690 (code: 160052029): 1265: Data truncated for column 'latitude' at row 1
2025-07-02 20:17:10,625 - ERROR - Erreur avec la ligne 7691 (code: 160051028): 1265: Data truncated for column 'latitude' at row 1
2025-07-02 20:17:10,634 - ERROR - Erreur avec la ligne 7692 (code: 160052083): 1265: Data truncated for column 'latitude' at row 1
2025-07-02 20:17:10,644 - ERROR - Erreur avec la ligne 7693 (code: 160051081): 1265: Data truncated for column 'latitude' at row 1
2025-07-02 20:17:10,655 - ERROR - Erreur avec la ligne 7694 (code: 160022130): 1265: Data truncated for column 'latitude' at row 1
2025-07-02 20:17:10,667 - ERROR - Erreur avec la ligne 7695 (code: 160052115): 1265: Data truncated for column 'latitude' at row 1
2025-07-02 20:17:10,681 - ERROR - Erreur avec la ligne 7696 (code: 160052135): 1265: Data truncated for column 'latitude' at row 1
2025-07-02 20:17:10,690 - ERROR - Erreur avec la ligne 7697 (code: 160052037): 1265: Data truncated for column 'latitude' at row 1
2025-07-02 20:17:10,698 - ERROR - Erreur avec la ligne 7698 (code: 1613030): 1265: Data truncated for column 'latitude' at row 1
2025-07-02 20:17:10,707 - ERROR - Erreur avec la ligne 7699 (code: 160051010): 1265: Data truncated for column 'latitude' at row 1
2025-07-02 20:17:10,719 - INFO - Lot 77/153 : 100 lignes traitées en 64.29s (50.6% terminé)
2025-07-02 20:17:10,730 - ERROR - Erreur avec la ligne 7700 (code: 160052066): 1265: Data truncated for column 'latitude' at row 1
2025-07-02 20:17:10,738 - ERROR - Erreur avec la ligne 7701 (code: 160021075): 1265: Data truncated for column 'latitude' at row 1
2025-07-02 20:17:10,747 - ERROR - Erreur avec la ligne 7702 (code: 160022006): 1265: Data truncated for column 'latitude' at row 1
2025-07-02 20:17:10,755 - ERROR - Erreur avec la ligne 7703 (code: 160021076): 1265: Data truncated for column 'latitude' at row 1
2025-07-02 20:17:10,764 - ERROR - Erreur avec la ligne 7704 (code: 160061074): 1265: Data truncated for column 'latitude' at row 1
2025-07-02 20:17:10,772 - ERROR - Erreur avec la ligne 7705 (code: 160051013): 1265: Data truncated for column 'latitude' at row 1
2025-07-02 20:17:10,780 - ERROR - Erreur avec la ligne 7706 (code: 160062055): 1265: Data truncated for column 'latitude' at row 1
2025-07-02 20:17:10,788 - ERROR - Erreur avec la ligne 7707 (code: 1613125): 1265: Data truncated for column 'latitude' at row 1
2025-07-02 20:17:10,797 - ERROR - Erreur avec la ligne 7708 (code: 160052148): 1265: Data truncated for column 'latitude' at row 1
2025-07-02 20:17:10,806 - ERROR - Erreur avec la ligne 7709 (code: 1623009): 1265: Data truncated for column 'latitude' at row 1
2025-07-02 20:17:10,813 - ERROR - Erreur avec la ligne 7710 (code: 1624002): 1265: Data truncated for column 'latitude' at row 1
2025-07-02 20:17:10,823 - ERROR - Erreur avec la ligne 7711 (code: 1613016): 1265: Data truncated for column 'latitude' at row 1
2025-07-02 20:17:10,830 - ERROR - Erreur avec la ligne 7712 (code: 160051005): 1265: Data truncated for column 'latitude' at row 1
2025-07-02 20:17:10,841 - ERROR - Erreur avec la ligne 7713 (code: 160052103): 1265: Data truncated for column 'latitude' at row 1
2025-07-02 20:17:10,848 - ERROR - Erreur avec la ligne 7714 (code: 160022075): 1265: Data truncated for column 'latitude' at row 1
2025-07-02 20:17:10,857 - ERROR - Erreur avec la ligne 7715 (code: 160021028): 1265: Data truncated for column 'latitude' at row 1
2025-07-02 20:17:10,865 - ERROR - Erreur avec la ligne 7716 (code: 160051012): 1265: Data truncated for column 'latitude' at row 1
2025-07-02 20:17:10,875 - ERROR - Erreur avec la ligne 7717 (code: 160021010): 1265: Data truncated for column 'latitude' at row 1
2025-07-02 20:17:10,885 - ERROR - Erreur avec la ligne 7718 (code: 160022079): 1265: Data truncated for column 'latitude' at row 1
2025-07-02 20:17:10,895 - ERROR - Erreur avec la ligne 7719 (code: 160022078): 1265: Data truncated for column 'latitude' at row 1
2025-07-02 20:17:10,903 - ERROR - Erreur avec la ligne 7720 (code: 1613124): 1265: Data truncated for column 'latitude' at row 1
2025-07-02 20:17:10,915 - ERROR - Erreur avec la ligne 7721 (code: 1623071): 1265: Data truncated for column 'latitude' at row 1
2025-07-02 20:17:10,927 - ERROR - Erreur avec la ligne 7722 (code: 160022001): 1265: Data truncated for column 'latitude' at row 1
2025-07-02 20:17:10,936 - ERROR - Erreur avec la ligne 7723 (code: 160051025): 1265: Data truncated for column 'latitude' at row 1
2025-07-02 20:17:10,946 - ERROR - Erreur avec la ligne 7724 (code: 160052121): 1265: Data truncated for column 'latitude' at row 1
2025-07-02 20:17:10,954 - ERROR - Erreur avec la ligne 7725 (code: 160051027): 1265: Data truncated for column 'latitude' at row 1
2025-07-02 20:17:10,963 - ERROR - Erreur avec la ligne 7726 (code: 160022150): 1265: Data truncated for column 'latitude' at row 1
2025-07-02 20:17:10,971 - ERROR - Erreur avec la ligne 7727 (code: 1613135): 1265: Data truncated for column 'latitude' at row 1
2025-07-02 20:17:10,980 - ERROR - Erreur avec la ligne 7728 (code: 160052010): 1265: Data truncated for column 'latitude' at row 1
2025-07-02 20:17:10,989 - ERROR - Erreur avec la ligne 7729 (code: 160051103): 1265: Data truncated for column 'latitude' at row 1
2025-07-02 20:17:10,999 - ERROR - Erreur avec la ligne 7730 (code: 160052044): 1265: Data truncated for column 'latitude' at row 1
2025-07-02 20:17:11,008 - ERROR - Erreur avec la ligne 7731 (code: 160062047): 1265: Data truncated for column 'latitude' at row 1
2025-07-02 20:17:11,016 - ERROR - Erreur avec la ligne 7732 (code: 160052065): 1265: Data truncated for column 'latitude' at row 1
2025-07-02 20:17:11,024 - ERROR - Erreur avec la ligne 7733 (code: 160051018): 1265: Data truncated for column 'latitude' at row 1
2025-07-02 20:17:11,034 - ERROR - Erreur avec la ligne 7734 (code: 160052092): 1265: Data truncated for column 'latitude' at row 1
2025-07-02 20:17:11,045 - ERROR - Erreur avec la ligne 7735 (code: 160051020): 1265: Data truncated for column 'latitude' at row 1
2025-07-02 20:17:11,056 - ERROR - Erreur avec la ligne 7736 (code: 160051059): 1265: Data truncated for column 'latitude' at row 1
2025-07-02 20:17:11,066 - ERROR - Erreur avec la ligne 7737 (code: 160052119): 1265: Data truncated for column 'latitude' at row 1
2025-07-02 20:17:11,082 - ERROR - Erreur avec la ligne 7738 (code: 160022070): 1265: Data truncated for column 'latitude' at row 1
2025-07-02 20:17:11,093 - ERROR - Erreur avec la ligne 7739 (code: 1624015): 1265: Data truncated for column 'latitude' at row 1
2025-07-02 20:17:11,100 - ERROR - Erreur avec la ligne 7740 (code: 1623005): 1265: Data truncated for column 'latitude' at row 1
2025-07-02 20:17:11,109 - ERROR - Erreur avec la ligne 7741 (code: 160021054): 1265: Data truncated for column 'latitude' at row 1
2025-07-02 20:17:11,138 - ERROR - Erreur avec la ligne 7742 (code: 1623014): 1265: Data truncated for column 'latitude' at row 1
2025-07-02 20:17:11,148 - ERROR - Erreur avec la ligne 7743 (code: 160022129): 1265: Data truncated for column 'latitude' at row 1
2025-07-02 20:17:11,158 - ERROR - Erreur avec la ligne 7744 (code: 160051130): 1265: Data truncated for column 'latitude' at row 1
2025-07-02 20:17:11,165 - ERROR - Erreur avec la ligne 7745 (code: 160022157): 1265: Data truncated for column 'latitude' at row 1
2025-07-02 20:17:11,175 - ERROR - Erreur avec la ligne 7746 (code: 160022002): 1265: Data truncated for column 'latitude' at row 1
2025-07-02 20:17:11,183 - ERROR - Erreur avec la ligne 7747 (code: 160052157): 1265: Data truncated for column 'latitude' at row 1
2025-07-02 20:17:11,195 - ERROR - Erreur avec la ligne 7748 (code: 160052116): 1265: Data truncated for column 'latitude' at row 1
2025-07-02 20:17:11,204 - ERROR - Erreur avec la ligne 7749 (code: 160051044): 1265: Data truncated for column 'latitude' at row 1
2025-07-02 20:17:11,215 - ERROR - Erreur avec la ligne 7750 (code: 160022095): 1265: Data truncated for column 'latitude' at row 1
2025-07-02 20:17:11,223 - ERROR - Erreur avec la ligne 7751 (code: 160021072): 1265: Data truncated for column 'latitude' at row 1
2025-07-02 20:17:11,245 - ERROR - Erreur avec la ligne 7752 (code: 160052102): 1265: Data truncated for column 'latitude' at row 1
2025-07-02 20:17:11,254 - ERROR - Erreur avec la ligne 7753 (code: 160062075): 1265: Data truncated for column 'latitude' at row 1
2025-07-02 20:17:11,265 - ERROR - Erreur avec la ligne 7754 (code: 160022163): 1265: Data truncated for column 'latitude' at row 1
2025-07-02 20:17:11,275 - ERROR - Erreur avec la ligne 7755 (code: 160051078): 1265: Data truncated for column 'latitude' at row 1
2025-07-02 20:17:11,284 - ERROR - Erreur avec la ligne 7756 (code: 1613105): 1265: Data truncated for column 'latitude' at row 1
2025-07-02 20:17:11,294 - ERROR - Erreur avec la ligne 7757 (code: 160051093): 1265: Data truncated for column 'latitude' at row 1
2025-07-02 20:17:11,302 - ERROR - Erreur avec la ligne 7758 (code: 160052046): 1265: Data truncated for column 'latitude' at row 1
2025-07-02 20:17:11,313 - ERROR - Erreur avec la ligne 7759 (code: 160022140): 1265: Data truncated for column 'latitude' at row 1
2025-07-02 20:17:11,324 - ERROR - Erreur avec la ligne 7760 (code: 160022096): 1265: Data truncated for column 'latitude' at row 1
2025-07-02 20:17:11,333 - ERROR - Erreur avec la ligne 7761 (code: 160021024): 1265: Data truncated for column 'latitude' at row 1
2025-07-02 20:17:11,344 - ERROR - Erreur avec la ligne 7762 (code: 160051045): 1265: Data truncated for column 'latitude' at row 1
2025-07-02 20:17:11,351 - ERROR - Erreur avec la ligne 7763 (code: 160052120): 1265: Data truncated for column 'latitude' at row 1
2025-07-02 20:17:11,362 - ERROR - Erreur avec la ligne 7764 (code: 160021087): 1265: Data truncated for column 'latitude' at row 1
2025-07-02 20:17:11,372 - ERROR - Erreur avec la ligne 7765 (code: 1623016): 1265: Data truncated for column 'latitude' at row 1
2025-07-02 20:17:11,380 - ERROR - Erreur avec la ligne 7766 (code: 160051111): 1265: Data truncated for column 'latitude' at row 1
2025-07-02 20:17:11,388 - ERROR - Erreur avec la ligne 7767 (code: 160062097): 1265: Data truncated for column 'latitude' at row 1
2025-07-02 20:17:11,397 - ERROR - Erreur avec la ligne 7768 (code: 160052032): 1265: Data truncated for column 'latitude' at row 1
2025-07-02 20:17:11,406 - ERROR - Erreur avec la ligne 7769 (code: 160051083): 1265: Data truncated for column 'latitude' at row 1
2025-07-02 20:17:11,414 - ERROR - Erreur avec la ligne 7770 (code: 160022058): 1265: Data truncated for column 'latitude' at row 1
2025-07-02 20:17:11,422 - ERROR - Erreur avec la ligne 7771 (code: 160021065): 1265: Data truncated for column 'latitude' at row 1
2025-07-02 20:17:11,431 - ERROR - Erreur avec la ligne 7772 (code: 160052030): 1265: Data truncated for column 'latitude' at row 1
2025-07-02 20:17:11,441 - ERROR - Erreur avec la ligne 7773 (code: 1614028): 1265: Data truncated for column 'latitude' at row 1
2025-07-02 20:17:11,449 - ERROR - Erreur avec la ligne 7774 (code: 1613081): 1265: Data truncated for column 'latitude' at row 1
2025-07-02 20:17:11,457 - ERROR - Erreur avec la ligne 7775 (code: 160022146): 1265: Data truncated for column 'latitude' at row 1
2025-07-02 20:17:11,466 - ERROR - Erreur avec la ligne 7776 (code: 160022113): 1265: Data truncated for column 'latitude' at row 1
2025-07-02 20:17:11,475 - ERROR - Erreur avec la ligne 7777 (code: 160021073): 1265: Data truncated for column 'latitude' at row 1
2025-07-02 20:17:11,483 - ERROR - Erreur avec la ligne 7778 (code: 1600220001): 1265: Data truncated for column 'latitude' at row 1
2025-07-02 20:17:11,491 - ERROR - Erreur avec la ligne 7779 (code: 160062094): 1265: Data truncated for column 'latitude' at row 1
2025-07-02 20:17:11,500 - ERROR - Erreur avec la ligne 7780 (code: 160062095): 1265: Data truncated for column 'latitude' at row 1
2025-07-02 20:17:11,510 - ERROR - Erreur avec la ligne 7781 (code: 1614047): 1265: Data truncated for column 'latitude' at row 1
2025-07-02 20:17:11,526 - ERROR - Erreur avec la ligne 7782 (code: 160052098): 1265: Data truncated for column 'latitude' at row 1
2025-07-02 20:17:11,534 - ERROR - Erreur avec la ligne 7783 (code: 160051021): 1265: Data truncated for column 'latitude' at row 1
2025-07-02 20:17:11,544 - ERROR - Erreur avec la ligne 7784 (code: 160061064): 1265: Data truncated for column 'latitude' at row 1
2025-07-02 20:17:11,551 - ERROR - Erreur avec la ligne 7785 (code: 160052109): 1265: Data truncated for column 'latitude' at row 1
2025-07-02 20:17:11,561 - ERROR - Erreur avec la ligne 7786 (code: 1613047): 1265: Data truncated for column 'latitude' at row 1
2025-07-02 20:17:11,569 - ERROR - Erreur avec la ligne 7787 (code: 160021014): 1265: Data truncated for column 'latitude' at row 1
2025-07-02 20:17:11,579 - ERROR - Erreur avec la ligne 7788 (code: 1613019): 1265: Data truncated for column 'latitude' at row 1
2025-07-02 20:17:11,586 - ERROR - Erreur avec la ligne 7789 (code: 16140005): 1265: Data truncated for column 'latitude' at row 1
2025-07-02 20:17:11,596 - ERROR - Erreur avec la ligne 7790 (code: 160022094): 1265: Data truncated for column 'latitude' at row 1
2025-07-02 20:17:11,605 - ERROR - Erreur avec la ligne 7791 (code: 1623012): 1265: Data truncated for column 'latitude' at row 1
2025-07-02 20:17:11,614 - ERROR - Erreur avec la ligne 7792 (code: 160022038): 1265: Data truncated for column 'latitude' at row 1
2025-07-02 20:17:11,623 - ERROR - Erreur avec la ligne 7793 (code: 160021033): 1265: Data truncated for column 'latitude' at row 1
2025-07-02 20:17:11,631 - ERROR - Erreur avec la ligne 7794 (code: 160062071): 1265: Data truncated for column 'latitude' at row 1
2025-07-02 20:17:11,639 - ERROR - Erreur avec la ligne 7795 (code: 160052074): 1265: Data truncated for column 'latitude' at row 1
2025-07-02 20:17:11,672 - ERROR - Erreur avec la ligne 7796 (code: 1623020): 1265: Data truncated for column 'latitude' at row 1
2025-07-02 20:17:11,682 - ERROR - Erreur avec la ligne 7797 (code: 160062128): 1265: Data truncated for column 'latitude' at row 1
2025-07-02 20:17:11,692 - ERROR - Erreur avec la ligne 7798 (code: 160022049): 1265: Data truncated for column 'latitude' at row 1
2025-07-02 20:17:11,703 - ERROR - Erreur avec la ligne 7799 (code: 160021078): 1265: Data truncated for column 'latitude' at row 1
2025-07-02 20:17:11,712 - INFO - Lot 78/153 : 100 lignes traitées en 65.29s (51.3% terminé)
2025-07-02 20:17:11,723 - ERROR - Erreur avec la ligne 7800 (code: 160051022): 1265: Data truncated for column 'latitude' at row 1
2025-07-02 20:17:11,731 - ERROR - Erreur avec la ligne 7801 (code: 1613018): 1265: Data truncated for column 'latitude' at row 1
2025-07-02 20:17:11,739 - ERROR - Erreur avec la ligne 7802 (code: 160052100): 1265: Data truncated for column 'latitude' at row 1
2025-07-02 20:17:11,749 - ERROR - Erreur avec la ligne 7803 (code: 160052070): 1265: Data truncated for column 'latitude' at row 1
2025-07-02 20:17:11,758 - ERROR - Erreur avec la ligne 7804 (code: 160051051): 1265: Data truncated for column 'latitude' at row 1
2025-07-02 20:17:11,767 - ERROR - Erreur avec la ligne 7805 (code: 160062060): 1265: Data truncated for column 'latitude' at row 1
2025-07-02 20:17:11,775 - ERROR - Erreur avec la ligne 7806 (code: 160061039): 1265: Data truncated for column 'latitude' at row 1
2025-07-02 20:17:11,782 - ERROR - Erreur avec la ligne 7807 (code: 160061058): 1265: Data truncated for column 'latitude' at row 1
2025-07-02 20:17:11,791 - ERROR - Erreur avec la ligne 7808 (code: 160062118): 1265: Data truncated for column 'latitude' at row 1
2025-07-02 20:17:11,799 - ERROR - Erreur avec la ligne 7809 (code: 160062129): 1265: Data truncated for column 'latitude' at row 1
2025-07-02 20:17:11,809 - ERROR - Erreur avec la ligne 7810 (code: 160021022): 1265: Data truncated for column 'latitude' at row 1
2025-07-02 20:17:11,817 - ERROR - Erreur avec la ligne 7811 (code: 160022110): 1265: Data truncated for column 'latitude' at row 1
2025-07-02 20:17:11,827 - ERROR - Erreur avec la ligne 7812 (code: 160022156): 1265: Data truncated for column 'latitude' at row 1
2025-07-02 20:17:11,835 - ERROR - Erreur avec la ligne 7813 (code: 160022135): 1265: Data truncated for column 'latitude' at row 1
2025-07-02 20:17:11,845 - ERROR - Erreur avec la ligne 7814 (code: 160022023): 1265: Data truncated for column 'latitude' at row 1
2025-07-02 20:17:11,854 - ERROR - Erreur avec la ligne 7815 (code: 160021001): 1265: Data truncated for column 'latitude' at row 1
2025-07-02 20:17:11,866 - ERROR - Erreur avec la ligne 7816 (code: 160052139): 1265: Data truncated for column 'latitude' at row 1
2025-07-02 20:17:11,877 - ERROR - Erreur avec la ligne 7817 (code: 1613123): 1265: Data truncated for column 'latitude' at row 1
2025-07-02 20:17:11,886 - ERROR - Erreur avec la ligne 7818 (code: 160052056): 1265: Data truncated for column 'latitude' at row 1
2025-07-02 20:17:11,896 - ERROR - Erreur avec la ligne 7819 (code: 160072044): 1265: Data truncated for column 'latitude' at row 1
2025-07-02 20:17:11,905 - ERROR - Erreur avec la ligne 7820 (code: 160071006): 1265: Data truncated for column 'latitude' at row 1
2025-07-02 20:17:11,915 - ERROR - Erreur avec la ligne 7821 (code: 160022033): 1265: Data truncated for column 'latitude' at row 1
2025-07-02 20:17:11,925 - ERROR - Erreur avec la ligne 7822 (code: 160021029): 1265: Data truncated for column 'latitude' at row 1
2025-07-02 20:17:11,934 - ERROR - Erreur avec la ligne 7823 (code: 160051067): 1265: Data truncated for column 'latitude' at row 1
2025-07-02 20:17:11,945 - ERROR - Erreur avec la ligne 7824 (code: 160071062): 1265: Data truncated for column 'latitude' at row 1
2025-07-02 20:17:11,952 - ERROR - Erreur avec la ligne 7825 (code: 160072039): 1265: Data truncated for column 'latitude' at row 1
2025-07-02 20:17:11,964 - ERROR - Erreur avec la ligne 7826 (code: 160071079): 1265: Data truncated for column 'latitude' at row 1
2025-07-02 20:17:11,973 - ERROR - Erreur avec la ligne 7827 (code: 160072029): 1265: Data truncated for column 'latitude' at row 1
2025-07-02 20:17:11,984 - ERROR - Erreur avec la ligne 7828 (code: 160051075): 1265: Data truncated for column 'latitude' at row 1
2025-07-02 20:17:11,996 - ERROR - Erreur avec la ligne 7829 (code: 160052138): 1265: Data truncated for column 'latitude' at row 1
2025-07-02 20:17:12,007 - ERROR - Erreur avec la ligne 7830 (code: 160051032): 1265: Data truncated for column 'latitude' at row 1
2025-07-02 20:17:12,022 - ERROR - Erreur avec la ligne 7831 (code: 160052153): 1265: Data truncated for column 'latitude' at row 1
2025-07-02 20:17:12,032 - ERROR - Erreur avec la ligne 7832 (code: 160051124): 1265: Data truncated for column 'latitude' at row 1
2025-07-02 20:17:12,043 - ERROR - Erreur avec la ligne 7833 (code: 1600220002): 1265: Data truncated for column 'latitude' at row 1
2025-07-02 20:17:12,051 - ERROR - Erreur avec la ligne 7834 (code: 160022092): 1265: Data truncated for column 'latitude' at row 1
2025-07-02 20:17:12,061 - ERROR - Erreur avec la ligne 7835 (code: 16240002): 1265: Data truncated for column 'latitude' at row 1
2025-07-02 20:17:12,152 - ERROR - Erreur avec la ligne 7836 (code: 1623002): 1265: Data truncated for column 'latitude' at row 1
2025-07-02 20:17:12,199 - ERROR - Erreur avec la ligne 7837 (code: 160052055): 1265: Data truncated for column 'latitude' at row 1
2025-07-02 20:17:12,231 - ERROR - Erreur avec la ligne 7838 (code: 160051090): 1265: Data truncated for column 'latitude' at row 1
2025-07-02 20:17:12,330 - ERROR - Erreur avec la ligne 7839 (code: 160051113): 1265: Data truncated for column 'latitude' at row 1
2025-07-02 20:17:12,379 - ERROR - Erreur avec la ligne 7840 (code: 160051057): 1265: Data truncated for column 'latitude' at row 1
2025-07-02 20:17:12,387 - ERROR - Erreur avec la ligne 7841 (code: 160051091): 1265: Data truncated for column 'latitude' at row 1
2025-07-02 20:17:12,397 - ERROR - Erreur avec la ligne 7842 (code: 160052158): 1265: Data truncated for column 'latitude' at row 1
2025-07-02 20:17:12,406 - ERROR - Erreur avec la ligne 7843 (code: 160051129): 1265: Data truncated for column 'latitude' at row 1
2025-07-02 20:17:12,416 - ERROR - Erreur avec la ligne 7844 (code: 160051119): 1265: Data truncated for column 'latitude' at row 1
2025-07-02 20:17:12,425 - ERROR - Erreur avec la ligne 7845 (code: 160061046): 1265: Data truncated for column 'latitude' at row 1
2025-07-02 20:17:12,433 - ERROR - Erreur avec la ligne 7846 (code: 160062003): 1265: Data truncated for column 'latitude' at row 1
2025-07-02 20:17:12,442 - ERROR - Erreur avec la ligne 7847 (code: 160062108): 1265: Data truncated for column 'latitude' at row 1
2025-07-02 20:17:12,451 - ERROR - Erreur avec la ligne 7848 (code: 160022080): 1265: Data truncated for column 'latitude' at row 1
2025-07-02 20:17:12,461 - ERROR - Erreur avec la ligne 7849 (code: 160021079): 1265: Data truncated for column 'latitude' at row 1
2025-07-02 20:17:12,468 - ERROR - Erreur avec la ligne 7850 (code: 160051098): 1265: Data truncated for column 'latitude' at row 1
2025-07-02 20:17:12,481 - ERROR - Erreur avec la ligne 7851 (code: 160052123): 1265: Data truncated for column 'latitude' at row 1
2025-07-02 20:17:12,490 - ERROR - Erreur avec la ligne 7852 (code: 160052064): 1265: Data truncated for column 'latitude' at row 1
2025-07-02 20:17:12,498 - ERROR - Erreur avec la ligne 7853 (code: 160022039): 1265: Data truncated for column 'latitude' at row 1
2025-07-02 20:17:12,509 - ERROR - Erreur avec la ligne 7854 (code: 160021047): 1265: Data truncated for column 'latitude' at row 1
2025-07-02 20:17:12,516 - ERROR - Erreur avec la ligne 7855 (code: 160021060): 1265: Data truncated for column 'latitude' at row 1
2025-07-02 20:17:12,527 - ERROR - Erreur avec la ligne 7856 (code: 160022032): 1265: Data truncated for column 'latitude' at row 1
2025-07-02 20:17:12,534 - ERROR - Erreur avec la ligne 7857 (code: 1613079): 1265: Data truncated for column 'latitude' at row 1
2025-07-02 20:17:12,543 - ERROR - Erreur avec la ligne 7858 (code: 160052071): 1265: Data truncated for column 'latitude' at row 1
2025-07-02 20:17:12,552 - ERROR - Erreur avec la ligne 7859 (code: 160022093): 1265: Data truncated for column 'latitude' at row 1
2025-07-02 20:17:12,563 - ERROR - Erreur avec la ligne 7860 (code: 160072037): 1265: Data truncated for column 'latitude' at row 1
2025-07-02 20:17:12,572 - ERROR - Erreur avec la ligne 7861 (code: 160021071): 1265: Data truncated for column 'latitude' at row 1
2025-07-02 20:17:12,581 - ERROR - Erreur avec la ligne 7862 (code: 160072055): 1265: Data truncated for column 'latitude' at row 1
2025-07-02 20:17:12,590 - ERROR - Erreur avec la ligne 7863 (code: 160051019): 1265: Data truncated for column 'latitude' at row 1
2025-07-02 20:17:12,600 - ERROR - Erreur avec la ligne 7864 (code: 160062092): 1265: Data truncated for column 'latitude' at row 1
2025-07-02 20:17:12,610 - ERROR - Erreur avec la ligne 7865 (code: 160062093): 1265: Data truncated for column 'latitude' at row 1
2025-07-02 20:17:12,618 - ERROR - Erreur avec la ligne 7866 (code: 160061023): 1265: Data truncated for column 'latitude' at row 1
2025-07-02 20:17:12,629 - ERROR - Erreur avec la ligne 7867 (code: 1613131): 1265: Data truncated for column 'latitude' at row 1
2025-07-02 20:17:12,638 - ERROR - Erreur avec la ligne 7868 (code: 160072148): 1265: Data truncated for column 'latitude' at row 1
2025-07-02 20:17:12,649 - ERROR - Erreur avec la ligne 7869 (code: 160052019): 1265: Data truncated for column 'latitude' at row 1
2025-07-02 20:17:12,659 - ERROR - Erreur avec la ligne 7870 (code: 160071066): 1265: Data truncated for column 'latitude' at row 1
2025-07-02 20:17:12,668 - ERROR - Erreur avec la ligne 7871 (code: 160072115): 1265: Data truncated for column 'latitude' at row 1
2025-07-02 20:17:12,679 - ERROR - Erreur avec la ligne 7872 (code: 160052017): 1265: Data truncated for column 'latitude' at row 1
2025-07-02 20:17:12,694 - ERROR - Erreur avec la ligne 7873 (code: 160051069): 1265: Data truncated for column 'latitude' at row 1
2025-07-02 20:17:12,706 - ERROR - Erreur avec la ligne 7874 (code: 160051026): 1265: Data truncated for column 'latitude' at row 1
2025-07-02 20:17:12,717 - ERROR - Erreur avec la ligne 7875 (code: 160052088): 1265: Data truncated for column 'latitude' at row 1
2025-07-02 20:17:12,739 - ERROR - Erreur avec la ligne 7876 (code: 1613077): 1265: Data truncated for column 'latitude' at row 1
2025-07-02 20:17:12,750 - ERROR - Erreur avec la ligne 7877 (code: 160022136): 1265: Data truncated for column 'latitude' at row 1
2025-07-02 20:17:12,769 - ERROR - Erreur avec la ligne 7878 (code: 160021056): 1265: Data truncated for column 'latitude' at row 1
2025-07-02 20:17:12,787 - ERROR - Erreur avec la ligne 7879 (code: 160071082): 1265: Data truncated for column 'latitude' at row 1
2025-07-02 20:17:12,800 - ERROR - Erreur avec la ligne 7880 (code: 1613046): 1265: Data truncated for column 'latitude' at row 1
2025-07-02 20:17:12,811 - ERROR - Erreur avec la ligne 7881 (code: 160022020): 1265: Data truncated for column 'latitude' at row 1
2025-07-02 20:17:12,821 - ERROR - Erreur avec la ligne 7882 (code: 160021053): 1265: Data truncated for column 'latitude' at row 1
2025-07-02 20:17:12,846 - ERROR - Erreur avec la ligne 7883 (code: 160072080): 1265: Data truncated for column 'latitude' at row 1
2025-07-02 20:17:12,861 - ERROR - Erreur avec la ligne 7884 (code: 160072011): 1265: Data truncated for column 'latitude' at row 1
2025-07-02 20:17:12,868 - ERROR - Erreur avec la ligne 7885 (code: 160071042): 1265: Data truncated for column 'latitude' at row 1
2025-07-02 20:17:12,878 - ERROR - Erreur avec la ligne 7886 (code: 160072095): 1265: Data truncated for column 'latitude' at row 1
2025-07-02 20:17:12,886 - ERROR - Erreur avec la ligne 7887 (code: 1614012): 1265: Data truncated for column 'latitude' at row 1
2025-07-02 20:17:12,894 - ERROR - Erreur avec la ligne 7888 (code: 1613057): 1265: Data truncated for column 'latitude' at row 1
2025-07-02 20:17:12,902 - ERROR - Erreur avec la ligne 7889 (code: 160071087): 1265: Data truncated for column 'latitude' at row 1
2025-07-02 20:17:12,912 - ERROR - Erreur avec la ligne 7890 (code: 160072009): 1265: Data truncated for column 'latitude' at row 1
2025-07-02 20:17:12,919 - ERROR - Erreur avec la ligne 7891 (code: 160062154): 1265: Data truncated for column 'latitude' at row 1
2025-07-02 20:17:12,931 - ERROR - Erreur avec la ligne 7892 (code: 160062142): 1265: Data truncated for column 'latitude' at row 1
2025-07-02 20:17:12,942 - ERROR - Erreur avec la ligne 7893 (code: 160022026): 1265: Data truncated for column 'latitude' at row 1
2025-07-02 20:17:12,951 - ERROR - Erreur avec la ligne 7894 (code: 160021057): 1265: Data truncated for column 'latitude' at row 1
2025-07-02 20:17:12,965 - ERROR - Erreur avec la ligne 7895 (code: 160022064): 1265: Data truncated for column 'latitude' at row 1
2025-07-02 20:17:12,975 - ERROR - Erreur avec la ligne 7896 (code: 160021068): 1265: Data truncated for column 'latitude' at row 1
2025-07-02 20:17:12,988 - ERROR - Erreur avec la ligne 7897 (code: 160071011): 1265: Data truncated for column 'latitude' at row 1
2025-07-02 20:17:13,002 - ERROR - Erreur avec la ligne 7898 (code: 160072142): 1265: Data truncated for column 'latitude' at row 1
2025-07-02 20:17:13,016 - ERROR - Erreur avec la ligne 7899 (code: 160072065): 1265: Data truncated for column 'latitude' at row 1
2025-07-02 20:17:13,028 - INFO - Lot 79/153 : 100 lignes traitées en 66.60s (51.9% terminé)
2025-07-02 20:17:13,040 - ERROR - Erreur avec la ligne 7900 (code: 160052069): 1265: Data truncated for column 'latitude' at row 1
2025-07-02 20:17:13,049 - ERROR - Erreur avec la ligne 7901 (code: 160052008): 1265: Data truncated for column 'latitude' at row 1
2025-07-02 20:17:13,065 - ERROR - Erreur avec la ligne 7902 (code: 160051133): 1265: Data truncated for column 'latitude' at row 1
2025-07-02 20:17:13,078 - ERROR - Erreur avec la ligne 7903 (code: 160051035): 1265: Data truncated for column 'latitude' at row 1
2025-07-02 20:17:13,088 - ERROR - Erreur avec la ligne 7904 (code: 160062105): 1265: Data truncated for column 'latitude' at row 1
2025-07-02 20:17:13,100 - ERROR - Erreur avec la ligne 7905 (code: 160061080): 1265: Data truncated for column 'latitude' at row 1
2025-07-02 20:17:13,113 - ERROR - Erreur avec la ligne 7906 (code: 160022083): 1265: Data truncated for column 'latitude' at row 1
2025-07-02 20:17:13,124 - ERROR - Erreur avec la ligne 7907 (code: 160021080): 1265: Data truncated for column 'latitude' at row 1
2025-07-02 20:17:13,139 - ERROR - Erreur avec la ligne 7908 (code: 1613106): 1265: Data truncated for column 'latitude' at row 1
2025-07-02 20:17:13,149 - ERROR - Erreur avec la ligne 7909 (code: 1614027): 1265: Data truncated for column 'latitude' at row 1
2025-07-02 20:17:13,161 - ERROR - Erreur avec la ligne 7910 (code: 160072038): 1265: Data truncated for column 'latitude' at row 1
2025-07-02 20:17:13,174 - ERROR - Erreur avec la ligne 7911 (code: 160072069): 1265: Data truncated for column 'latitude' at row 1
2025-07-02 20:17:13,186 - ERROR - Erreur avec la ligne 7912 (code: 160071088): 1265: Data truncated for column 'latitude' at row 1
2025-07-02 20:17:13,203 - ERROR - Erreur avec la ligne 7913 (code: 160071013): 1265: Data truncated for column 'latitude' at row 1
2025-07-02 20:17:13,217 - ERROR - Erreur avec la ligne 7914 (code: 160071064): 1265: Data truncated for column 'latitude' at row 1
2025-07-02 20:17:13,251 - ERROR - Erreur avec la ligne 7915 (code: 160072030): 1265: Data truncated for column 'latitude' at row 1
2025-07-02 20:17:13,261 - ERROR - Erreur avec la ligne 7916 (code: 160072087): 1265: Data truncated for column 'latitude' at row 1
2025-07-02 20:17:13,268 - ERROR - Erreur avec la ligne 7917 (code: 160071020): 1265: Data truncated for column 'latitude' at row 1
2025-07-02 20:17:13,282 - ERROR - Erreur avec la ligne 7918 (code: 160071063): 1265: Data truncated for column 'latitude' at row 1
2025-07-02 20:17:13,293 - ERROR - Erreur avec la ligne 7919 (code: 160072184): 1265: Data truncated for column 'latitude' at row 1
2025-07-02 20:17:13,305 - ERROR - Erreur avec la ligne 7920 (code: 1614039): 1265: Data truncated for column 'latitude' at row 1
2025-07-02 20:17:13,314 - ERROR - Erreur avec la ligne 7921 (code: 1613053): 1265: Data truncated for column 'latitude' at row 1
2025-07-02 20:17:13,325 - ERROR - Erreur avec la ligne 7922 (code: 160072068): 1265: Data truncated for column 'latitude' at row 1
2025-07-02 20:17:13,334 - ERROR - Erreur avec la ligne 7923 (code: 160071061): 1265: Data truncated for column 'latitude' at row 1
2025-07-02 20:17:13,345 - ERROR - Erreur avec la ligne 7924 (code: 160022050): 1265: Data truncated for column 'latitude' at row 1
2025-07-02 20:17:13,353 - ERROR - Erreur avec la ligne 7925 (code: 1600210001): 1265: Data truncated for column 'latitude' at row 1
2025-07-02 20:17:13,364 - ERROR - Erreur avec la ligne 7926 (code: 160072064): 1265: Data truncated for column 'latitude' at row 1
2025-07-02 20:17:13,376 - ERROR - Erreur avec la ligne 7927 (code: 160072166): 1265: Data truncated for column 'latitude' at row 1
2025-07-02 20:17:13,385 - ERROR - Erreur avec la ligne 7928 (code: 160071040): 1265: Data truncated for column 'latitude' at row 1
2025-07-02 20:17:13,395 - ERROR - Erreur avec la ligne 7929 (code: 160061034): 1265: Data truncated for column 'latitude' at row 1
2025-07-02 20:17:13,408 - ERROR - Erreur avec la ligne 7930 (code: 160062044): 1265: Data truncated for column 'latitude' at row 1
2025-07-02 20:17:13,420 - ERROR - Erreur avec la ligne 7931 (code: 160062144): 1265: Data truncated for column 'latitude' at row 1
2025-07-02 20:17:13,443 - ERROR - Erreur avec la ligne 7932 (code: 160062109): 1265: Data truncated for column 'latitude' at row 1
2025-07-02 20:17:13,452 - ERROR - Erreur avec la ligne 7933 (code: 160061072): 1265: Data truncated for column 'latitude' at row 1
2025-07-02 20:17:13,466 - ERROR - Erreur avec la ligne 7934 (code: 160072132): 1265: Data truncated for column 'latitude' at row 1
2025-07-02 20:17:13,477 - ERROR - Erreur avec la ligne 7935 (code: 160072075): 1265: Data truncated for column 'latitude' at row 1
2025-07-02 20:17:13,489 - ERROR - Erreur avec la ligne 7936 (code: 160071076): 1265: Data truncated for column 'latitude' at row 1
2025-07-02 20:17:13,500 - ERROR - Erreur avec la ligne 7937 (code: 160022037): 1265: Data truncated for column 'latitude' at row 1
2025-07-02 20:17:13,512 - ERROR - Erreur avec la ligne 7938 (code: 1613115): 1265: Data truncated for column 'latitude' at row 1
2025-07-02 20:17:13,521 - ERROR - Erreur avec la ligne 7939 (code: 160071037): 1265: Data truncated for column 'latitude' at row 1
2025-07-02 20:17:13,535 - ERROR - Erreur avec la ligne 7940 (code: 160072053): 1265: Data truncated for column 'latitude' at row 1
2025-07-02 20:17:13,550 - ERROR - Erreur avec la ligne 7941 (code: 160071048): 1265: Data truncated for column 'latitude' at row 1
2025-07-02 20:17:13,562 - ERROR - Erreur avec la ligne 7942 (code: 160072137): 1265: Data truncated for column 'latitude' at row 1
2025-07-02 20:17:13,570 - ERROR - Erreur avec la ligne 7943 (code: 160072108): 1265: Data truncated for column 'latitude' at row 1
2025-07-02 20:17:13,585 - ERROR - Erreur avec la ligne 7944 (code: 160022036): 1265: Data truncated for column 'latitude' at row 1
2025-07-02 20:17:13,631 - ERROR - Erreur avec la ligne 7945 (code: 160021006): 1265: Data truncated for column 'latitude' at row 1
2025-07-02 20:17:13,702 - ERROR - Erreur avec la ligne 7946 (code: 160022089): 1265: Data truncated for column 'latitude' at row 1
2025-07-02 20:17:13,740 - ERROR - Erreur avec la ligne 7947 (code: 160022048): 1265: Data truncated for column 'latitude' at row 1
2025-07-02 20:17:13,752 - ERROR - Erreur avec la ligne 7948 (code: 160071084): 1265: Data truncated for column 'latitude' at row 1
2025-07-02 20:17:13,766 - ERROR - Erreur avec la ligne 7949 (code: 160072002): 1265: Data truncated for column 'latitude' at row 1
2025-07-02 20:17:13,779 - ERROR - Erreur avec la ligne 7950 (code: 1613040): 1265: Data truncated for column 'latitude' at row 1
2025-07-02 20:17:13,787 - ERROR - Erreur avec la ligne 7951 (code: 160062151): 1265: Data truncated for column 'latitude' at row 1
2025-07-02 20:17:13,797 - ERROR - Erreur avec la ligne 7952 (code: 160071015): 1265: Data truncated for column 'latitude' at row 1
2025-07-02 20:17:13,809 - ERROR - Erreur avec la ligne 7953 (code: 160072073): 1265: Data truncated for column 'latitude' at row 1
2025-07-02 20:17:13,823 - ERROR - Erreur avec la ligne 7954 (code: 160072143): 1265: Data truncated for column 'latitude' at row 1
2025-07-02 20:17:13,833 - ERROR - Erreur avec la ligne 7955 (code: 160071067): 1265: Data truncated for column 'latitude' at row 1
2025-07-02 20:17:13,843 - ERROR - Erreur avec la ligne 7956 (code: 160072007): 1265: Data truncated for column 'latitude' at row 1
2025-07-02 20:17:13,851 - ERROR - Erreur avec la ligne 7957 (code: 160071058): 1265: Data truncated for column 'latitude' at row 1
2025-07-02 20:17:13,866 - ERROR - Erreur avec la ligne 7958 (code: 160071068): 1265: Data truncated for column 'latitude' at row 1
2025-07-02 20:17:13,875 - ERROR - Erreur avec la ligne 7959 (code: 160072179): 1265: Data truncated for column 'latitude' at row 1
2025-07-02 20:17:13,886 - ERROR - Erreur avec la ligne 7960 (code: 160022122): 1265: Data truncated for column 'latitude' at row 1
2025-07-02 20:17:13,898 - ERROR - Erreur avec la ligne 7961 (code: 160021074): 1265: Data truncated for column 'latitude' at row 1
2025-07-02 20:17:13,907 - ERROR - Erreur avec la ligne 7962 (code: 160072198): 1265: Data truncated for column 'latitude' at row 1
2025-07-02 20:17:13,917 - ERROR - Erreur avec la ligne 7963 (code: 160022118): 1265: Data truncated for column 'latitude' at row 1
2025-07-02 20:17:13,930 - ERROR - Erreur avec la ligne 7964 (code: 160022041): 1265: Data truncated for column 'latitude' at row 1
2025-07-02 20:17:13,939 - ERROR - Erreur avec la ligne 7965 (code: 16130005): 1265: Data truncated for column 'latitude' at row 1
2025-07-02 20:17:13,949 - ERROR - Erreur avec la ligne 7966 (code: 160062026): 1265: Data truncated for column 'latitude' at row 1
2025-07-02 20:17:13,959 - ERROR - Erreur avec la ligne 7967 (code: 160071022): 1265: Data truncated for column 'latitude' at row 1
2025-07-02 20:17:13,969 - ERROR - Erreur avec la ligne 7968 (code: 160061032): 1265: Data truncated for column 'latitude' at row 1
2025-07-02 20:17:13,981 - ERROR - Erreur avec la ligne 7969 (code: 160062022): 1265: Data truncated for column 'latitude' at row 1
2025-07-02 20:17:13,993 - ERROR - Erreur avec la ligne 7970 (code: 160061075): 1265: Data truncated for column 'latitude' at row 1
2025-07-02 20:17:14,007 - ERROR - Erreur avec la ligne 7971 (code: 160072090): 1265: Data truncated for column 'latitude' at row 1
2025-07-02 20:17:14,017 - ERROR - Erreur avec la ligne 7972 (code: 160061062): 1265: Data truncated for column 'latitude' at row 1
2025-07-02 20:17:14,030 - ERROR - Erreur avec la ligne 7973 (code: 160062033): 1265: Data truncated for column 'latitude' at row 1
2025-07-02 20:17:14,042 - ERROR - Erreur avec la ligne 7974 (code: 1613120): 1265: Data truncated for column 'latitude' at row 1
2025-07-02 20:17:14,055 - ERROR - Erreur avec la ligne 7975 (code: 1613121): 1265: Data truncated for column 'latitude' at row 1
2025-07-02 20:17:14,063 - ERROR - Erreur avec la ligne 7976 (code: 160061004): 1265: Data truncated for column 'latitude' at row 1
2025-07-02 20:17:14,071 - ERROR - Erreur avec la ligne 7977 (code: 1600720002): 1265: Data truncated for column 'latitude' at row 1
2025-07-02 20:17:14,080 - ERROR - Erreur avec la ligne 7978 (code: 1600710002): 1265: Data truncated for column 'latitude' at row 1
2025-07-02 20:17:14,090 - ERROR - Erreur avec la ligne 7979 (code: 160021012): 1265: Data truncated for column 'latitude' at row 1
2025-07-02 20:17:14,102 - ERROR - Erreur avec la ligne 7980 (code: 160071038): 1265: Data truncated for column 'latitude' at row 1
2025-07-02 20:17:14,114 - ERROR - Erreur avec la ligne 7981 (code: 160061078): 1265: Data truncated for column 'latitude' at row 1
2025-07-02 20:17:14,123 - ERROR - Erreur avec la ligne 7982 (code: 160072060): 1265: Data truncated for column 'latitude' at row 1
2025-07-02 20:17:14,131 - ERROR - Erreur avec la ligne 7983 (code: 160022112): 1265: Data truncated for column 'latitude' at row 1
2025-07-02 20:17:14,141 - ERROR - Erreur avec la ligne 7984 (code: 160022057): 1265: Data truncated for column 'latitude' at row 1
2025-07-02 20:17:14,149 - ERROR - Erreur avec la ligne 7985 (code: 160061001): 1265: Data truncated for column 'latitude' at row 1
2025-07-02 20:17:14,159 - ERROR - Erreur avec la ligne 7986 (code: 160062023): 1265: Data truncated for column 'latitude' at row 1
2025-07-02 20:17:14,170 - ERROR - Erreur avec la ligne 7987 (code: 1623015): 1265: Data truncated for column 'latitude' at row 1
2025-07-02 20:17:14,180 - ERROR - Erreur avec la ligne 7988 (code: 160062121): 1265: Data truncated for column 'latitude' at row 1
2025-07-02 20:17:14,190 - ERROR - Erreur avec la ligne 7989 (code: 160022025): 1265: Data truncated for column 'latitude' at row 1
2025-07-02 20:17:14,201 - ERROR - Erreur avec la ligne 7990 (code: 160072010): 1265: Data truncated for column 'latitude' at row 1
2025-07-02 20:17:14,212 - ERROR - Erreur avec la ligne 7991 (code: 160021045): 1265: Data truncated for column 'latitude' at row 1
2025-07-02 20:17:14,220 - ERROR - Erreur avec la ligne 7992 (code: 160071096): 1265: Data truncated for column 'latitude' at row 1
2025-07-02 20:17:14,230 - ERROR - Erreur avec la ligne 7993 (code: 1613128): 1265: Data truncated for column 'latitude' at row 1
2025-07-02 20:17:14,240 - ERROR - Erreur avec la ligne 7994 (code: 160072106): 1265: Data truncated for column 'latitude' at row 1
2025-07-02 20:17:14,249 - ERROR - Erreur avec la ligne 7995 (code: 160071047): 1265: Data truncated for column 'latitude' at row 1
2025-07-02 20:17:14,260 - ERROR - Erreur avec la ligne 7996 (code: 1613144): 1265: Data truncated for column 'latitude' at row 1
2025-07-02 20:17:14,275 - ERROR - Erreur avec la ligne 7997 (code: 160062046): 1265: Data truncated for column 'latitude' at row 1
2025-07-02 20:17:14,289 - ERROR - Erreur avec la ligne 7998 (code: 160071072): 1265: Data truncated for column 'latitude' at row 1
2025-07-02 20:17:14,299 - ERROR - Erreur avec la ligne 7999 (code: 160061054): 1265: Data truncated for column 'latitude' at row 1
2025-07-02 20:17:14,308 - INFO - Lot 80/153 : 100 lignes traitées en 67.88s (52.6% terminé)
2025-07-02 20:17:14,319 - ERROR - Erreur avec la ligne 8000 (code: 1600620001): 1265: Data truncated for column 'latitude' at row 1
2025-07-02 20:17:14,330 - ERROR - Erreur avec la ligne 8001 (code: 160062021): 1265: Data truncated for column 'latitude' at row 1
2025-07-02 20:17:14,339 - ERROR - Erreur avec la ligne 8002 (code: 160072113): 1265: Data truncated for column 'latitude' at row 1
2025-07-02 20:17:14,352 - ERROR - Erreur avec la ligne 8003 (code: 160062102): 1265: Data truncated for column 'latitude' at row 1
2025-07-02 20:17:14,364 - ERROR - Erreur avec la ligne 8004 (code: 160061026): 1265: Data truncated for column 'latitude' at row 1
2025-07-02 20:17:14,375 - ERROR - Erreur avec la ligne 8005 (code: 160071039): 1265: Data truncated for column 'latitude' at row 1
2025-07-02 20:17:14,385 - ERROR - Erreur avec la ligne 8006 (code: 16130004): 1265: Data truncated for column 'latitude' at row 1
2025-07-02 20:17:14,396 - ERROR - Erreur avec la ligne 8007 (code: 160072061): 1265: Data truncated for column 'latitude' at row 1
2025-07-02 20:17:14,404 - ERROR - Erreur avec la ligne 8008 (code: 1613055): 1265: Data truncated for column 'latitude' at row 1
2025-07-02 20:17:14,415 - ERROR - Erreur avec la ligne 8009 (code: 1613054): 1265: Data truncated for column 'latitude' at row 1
2025-07-02 20:17:14,426 - ERROR - Erreur avec la ligne 8010 (code: 160071016): 1265: Data truncated for column 'latitude' at row 1
2025-07-02 20:17:14,438 - ERROR - Erreur avec la ligne 8011 (code: 160072187): 1265: Data truncated for column 'latitude' at row 1
2025-07-02 20:17:14,454 - ERROR - Erreur avec la ligne 8012 (code: 160072074): 1265: Data truncated for column 'latitude' at row 1
2025-07-02 20:17:14,467 - ERROR - Erreur avec la ligne 8013 (code: 160021048): 1265: Data truncated for column 'latitude' at row 1
2025-07-02 20:17:14,483 - ERROR - Erreur avec la ligne 8014 (code: 160022040): 1265: Data truncated for column 'latitude' at row 1
2025-07-02 20:17:14,493 - ERROR - Erreur avec la ligne 8015 (code: 160062045): 1265: Data truncated for column 'latitude' at row 1
2025-07-02 20:17:14,501 - ERROR - Erreur avec la ligne 8016 (code: 1613138): 1265: Data truncated for column 'latitude' at row 1
2025-07-02 20:17:14,512 - ERROR - Erreur avec la ligne 8017 (code: 160071007): 1265: Data truncated for column 'latitude' at row 1
2025-07-02 20:17:14,522 - ERROR - Erreur avec la ligne 8018 (code: 1623019): 1265: Data truncated for column 'latitude' at row 1
2025-07-02 20:17:14,531 - ERROR - Erreur avec la ligne 8019 (code: 160072046): 1265: Data truncated for column 'latitude' at row 1
2025-07-02 20:17:14,542 - ERROR - Erreur avec la ligne 8020 (code: 160062148): 1265: Data truncated for column 'latitude' at row 1
2025-07-02 20:17:14,550 - ERROR - Erreur avec la ligne 8021 (code: 160062040): 1265: Data truncated for column 'latitude' at row 1
2025-07-02 20:17:14,563 - ERROR - Erreur avec la ligne 8022 (code: 160061008): 1265: Data truncated for column 'latitude' at row 1
2025-07-02 20:17:14,574 - ERROR - Erreur avec la ligne 8023 (code: 160072118): 1265: Data truncated for column 'latitude' at row 1
2025-07-02 20:17:14,584 - ERROR - Erreur avec la ligne 8024 (code: 160072139): 1265: Data truncated for column 'latitude' at row 1
2025-07-02 20:17:14,593 - ERROR - Erreur avec la ligne 8025 (code: 160062039): 1265: Data truncated for column 'latitude' at row 1
2025-07-02 20:17:14,603 - ERROR - Erreur avec la ligne 8026 (code: 160071032): 1265: Data truncated for column 'latitude' at row 1
2025-07-02 20:17:14,614 - ERROR - Erreur avec la ligne 8027 (code: 1623013): 1265: Data truncated for column 'latitude' at row 1
2025-07-02 20:17:14,624 - ERROR - Erreur avec la ligne 8028 (code: 1614040): 1265: Data truncated for column 'latitude' at row 1
2025-07-02 20:17:14,635 - ERROR - Erreur avec la ligne 8029 (code: 16140001): 1265: Data truncated for column 'latitude' at row 1
2025-07-02 20:17:14,651 - ERROR - Erreur avec la ligne 8030 (code: 160062158): 1265: Data truncated for column 'latitude' at row 1
2025-07-02 20:17:14,665 - ERROR - Erreur avec la ligne 8031 (code: 160022067): 1265: Data truncated for column 'latitude' at row 1
2025-07-02 20:17:14,676 - ERROR - Erreur avec la ligne 8032 (code: 160022085): 1265: Data truncated for column 'latitude' at row 1
2025-07-02 20:17:14,684 - ERROR - Erreur avec la ligne 8033 (code: 1613133): 1265: Data truncated for column 'latitude' at row 1
2025-07-02 20:17:14,696 - ERROR - Erreur avec la ligne 8034 (code: 160021007): 1265: Data truncated for column 'latitude' at row 1
2025-07-02 20:17:14,704 - ERROR - Erreur avec la ligne 8035 (code: 160022068): 1265: Data truncated for column 'latitude' at row 1
2025-07-02 20:17:14,714 - ERROR - Erreur avec la ligne 8036 (code: 1613100): 1265: Data truncated for column 'latitude' at row 1
2025-07-02 20:17:14,724 - ERROR - Erreur avec la ligne 8037 (code: 1614009): 1265: Data truncated for column 'latitude' at row 1
2025-07-02 20:17:14,732 - ERROR - Erreur avec la ligne 8038 (code: 160072171): 1265: Data truncated for column 'latitude' at row 1
2025-07-02 20:17:14,743 - ERROR - Erreur avec la ligne 8039 (code: 160072138): 1265: Data truncated for column 'latitude' at row 1
2025-07-02 20:17:14,753 - ERROR - Erreur avec la ligne 8040 (code: 160072117): 1265: Data truncated for column 'latitude' at row 1
2025-07-02 20:17:14,762 - ERROR - Erreur avec la ligne 8041 (code: 160072116): 1265: Data truncated for column 'latitude' at row 1
2025-07-02 20:17:14,770 - ERROR - Erreur avec la ligne 8042 (code: 160071031): 1265: Data truncated for column 'latitude' at row 1
2025-07-02 20:17:14,798 - ERROR - Erreur avec la ligne 8043 (code: 160072097): 1265: Data truncated for column 'latitude' at row 1
2025-07-02 20:17:14,808 - ERROR - Erreur avec la ligne 8044 (code: 160071070): 1265: Data truncated for column 'latitude' at row 1
2025-07-02 20:17:14,818 - ERROR - Erreur avec la ligne 8045 (code: 160022090): 1265: Data truncated for column 'latitude' at row 1
2025-07-02 20:17:14,827 - ERROR - Erreur avec la ligne 8046 (code: 160022144): 1265: Data truncated for column 'latitude' at row 1
2025-07-02 20:17:14,835 - ERROR - Erreur avec la ligne 8047 (code: 1623062): 1265: Data truncated for column 'latitude' at row 1
2025-07-02 20:17:14,845 - ERROR - Erreur avec la ligne 8048 (code: 1613035): 1265: Data truncated for column 'latitude' at row 1
2025-07-02 20:17:14,853 - ERROR - Erreur avec la ligne 8049 (code: 160062104): 1265: Data truncated for column 'latitude' at row 1
2025-07-02 20:17:14,862 - ERROR - Erreur avec la ligne 8050 (code: 160022139): 1265: Data truncated for column 'latitude' at row 1
2025-07-02 20:17:14,870 - ERROR - Erreur avec la ligne 8051 (code: 1613119): 1265: Data truncated for column 'latitude' at row 1
2025-07-02 20:17:14,880 - ERROR - Erreur avec la ligne 8052 (code: 160072008): 1265: Data truncated for column 'latitude' at row 1
2025-07-02 20:17:14,888 - ERROR - Erreur avec la ligne 8053 (code: 160072109): 1265: Data truncated for column 'latitude' at row 1
2025-07-02 20:17:14,897 - ERROR - Erreur avec la ligne 8054 (code: 1613139): 1265: Data truncated for column 'latitude' at row 1
2025-07-02 20:17:14,906 - ERROR - Erreur avec la ligne 8055 (code: 1613072): 1265: Data truncated for column 'latitude' at row 1
2025-07-02 20:17:14,915 - ERROR - Erreur avec la ligne 8056 (code: 160071051): 1265: Data truncated for column 'latitude' at row 1
2025-07-02 20:17:14,925 - ERROR - Erreur avec la ligne 8057 (code: 1614019): 1265: Data truncated for column 'latitude' at row 1
2025-07-02 20:17:14,936 - ERROR - Erreur avec la ligne 8058 (code: 160072025): 1265: Data truncated for column 'latitude' at row 1
2025-07-02 20:17:14,950 - ERROR - Erreur avec la ligne 8059 (code: 160072022): 1265: Data truncated for column 'latitude' at row 1
2025-07-02 20:17:14,960 - ERROR - Erreur avec la ligne 8060 (code: 160071075): 1265: Data truncated for column 'latitude' at row 1
2025-07-02 20:17:14,971 - ERROR - Erreur avec la ligne 8061 (code: 160061006): 1265: Data truncated for column 'latitude' at row 1
2025-07-02 20:17:14,982 - ERROR - Erreur avec la ligne 8062 (code: 160072072): 1265: Data truncated for column 'latitude' at row 1
2025-07-02 20:17:14,991 - ERROR - Erreur avec la ligne 8063 (code: 160062035): 1265: Data truncated for column 'latitude' at row 1
2025-07-02 20:17:15,000 - ERROR - Erreur avec la ligne 8064 (code: 160071069): 1265: Data truncated for column 'latitude' at row 1
2025-07-02 20:17:15,009 - ERROR - Erreur avec la ligne 8065 (code: 160062036): 1265: Data truncated for column 'latitude' at row 1
2025-07-02 20:17:15,017 - ERROR - Erreur avec la ligne 8066 (code: 160071043): 1265: Data truncated for column 'latitude' at row 1
2025-07-02 20:17:15,027 - ERROR - Erreur avec la ligne 8067 (code: 160062034): 1265: Data truncated for column 'latitude' at row 1
2025-07-02 20:17:15,035 - ERROR - Erreur avec la ligne 8068 (code: 160072052): 1265: Data truncated for column 'latitude' at row 1
2025-07-02 20:17:15,045 - ERROR - Erreur avec la ligne 8069 (code: 1614010): 1265: Data truncated for column 'latitude' at row 1
2025-07-02 20:17:15,052 - ERROR - Erreur avec la ligne 8070 (code: 160072131): 1265: Data truncated for column 'latitude' at row 1
2025-07-02 20:17:15,062 - ERROR - Erreur avec la ligne 8071 (code: 160072006): 1265: Data truncated for column 'latitude' at row 1
2025-07-02 20:17:15,069 - ERROR - Erreur avec la ligne 8072 (code: 1613083): 1265: Data truncated for column 'latitude' at row 1
2025-07-02 20:17:15,080 - ERROR - Erreur avec la ligne 8073 (code: 1614018): 1265: Data truncated for column 'latitude' at row 1
2025-07-02 20:17:15,088 - ERROR - Erreur avec la ligne 8074 (code: 160022069): 1265: Data truncated for column 'latitude' at row 1
2025-07-02 20:17:15,097 - ERROR - Erreur avec la ligne 8075 (code: 160021021): 1265: Data truncated for column 'latitude' at row 1
2025-07-02 20:17:15,105 - ERROR - Erreur avec la ligne 8076 (code: 160022160): 1265: Data truncated for column 'latitude' at row 1
2025-07-02 20:17:15,114 - ERROR - Erreur avec la ligne 8077 (code: 160022007): 1265: Data truncated for column 'latitude' at row 1
2025-07-02 20:17:15,125 - ERROR - Erreur avec la ligne 8078 (code: 160022071): 1265: Data truncated for column 'latitude' at row 1
2025-07-02 20:17:15,133 - ERROR - Erreur avec la ligne 8079 (code: 1600710003): 1265: Data truncated for column 'latitude' at row 1
2025-07-02 20:17:15,143 - ERROR - Erreur avec la ligne 8080 (code: 160031067): 1265: Data truncated for column 'latitude' at row 1
2025-07-02 20:17:15,150 - ERROR - Erreur avec la ligne 8081 (code: 160072020): 1265: Data truncated for column 'latitude' at row 1
2025-07-02 20:17:15,160 - ERROR - Erreur avec la ligne 8082 (code: 160072193): 1265: Data truncated for column 'latitude' at row 1
2025-07-02 20:17:15,167 - ERROR - Erreur avec la ligne 8083 (code: 160071055): 1265: Data truncated for column 'latitude' at row 1
2025-07-02 20:17:15,178 - ERROR - Erreur avec la ligne 8084 (code: 160061056): 1265: Data truncated for column 'latitude' at row 1
2025-07-02 20:17:15,186 - ERROR - Erreur avec la ligne 8085 (code: 1613070): 1265: Data truncated for column 'latitude' at row 1
2025-07-02 20:17:15,195 - ERROR - Erreur avec la ligne 8086 (code: 160062111): 1265: Data truncated for column 'latitude' at row 1
2025-07-02 20:17:15,203 - ERROR - Erreur avec la ligne 8087 (code: 1624001): 1265: Data truncated for column 'latitude' at row 1
2025-07-02 20:17:15,212 - ERROR - Erreur avec la ligne 8088 (code: 1623008): 1265: Data truncated for column 'latitude' at row 1
2025-07-02 20:17:15,221 - ERROR - Erreur avec la ligne 8089 (code: 160072051): 1265: Data truncated for column 'latitude' at row 1
2025-07-02 20:17:15,230 - ERROR - Erreur avec la ligne 8090 (code: 160071008): 1265: Data truncated for column 'latitude' at row 1
2025-07-02 20:17:15,241 - ERROR - Erreur avec la ligne 8091 (code: 1613073): 1265: Data truncated for column 'latitude' at row 1
2025-07-02 20:17:15,249 - ERROR - Erreur avec la ligne 8092 (code: 160072005): 1265: Data truncated for column 'latitude' at row 1
2025-07-02 20:17:15,258 - ERROR - Erreur avec la ligne 8093 (code: 160022091): 1265: Data truncated for column 'latitude' at row 1
2025-07-02 20:17:15,269 - ERROR - Erreur avec la ligne 8094 (code: 160072047): 1265: Data truncated for column 'latitude' at row 1
2025-07-02 20:17:15,278 - ERROR - Erreur avec la ligne 8095 (code: 160072195): 1265: Data truncated for column 'latitude' at row 1
2025-07-02 20:17:15,287 - ERROR - Erreur avec la ligne 8096 (code: 160071090): 1265: Data truncated for column 'latitude' at row 1
2025-07-02 20:17:15,296 - ERROR - Erreur avec la ligne 8097 (code: 160071034): 1265: Data truncated for column 'latitude' at row 1
2025-07-02 20:17:15,305 - ERROR - Erreur avec la ligne 8098 (code: 160072003): 1265: Data truncated for column 'latitude' at row 1
2025-07-02 20:17:15,317 - ERROR - Erreur avec la ligne 8099 (code: 160072004): 1265: Data truncated for column 'latitude' at row 1
2025-07-02 20:17:15,330 - INFO - Lot 81/153 : 100 lignes traitées en 68.90s (53.2% terminé)
2025-07-02 20:17:15,339 - ERROR - Erreur avec la ligne 8100 (code: 1613050): 1265: Data truncated for column 'latitude' at row 1
2025-07-02 20:17:15,347 - ERROR - Erreur avec la ligne 8101 (code: 1614015): 1265: Data truncated for column 'latitude' at row 1
2025-07-02 20:17:15,355 - ERROR - Erreur avec la ligne 8102 (code: 1613060): 1265: Data truncated for column 'latitude' at row 1
2025-07-02 20:17:15,365 - ERROR - Erreur avec la ligne 8103 (code: 160072101): 1265: Data truncated for column 'latitude' at row 1
2025-07-02 20:17:15,374 - ERROR - Erreur avec la ligne 8104 (code: 160072186): 1265: Data truncated for column 'latitude' at row 1
2025-07-02 20:17:15,383 - ERROR - Erreur avec la ligne 8105 (code: 160022013): 1265: Data truncated for column 'latitude' at row 1
2025-07-02 20:17:15,393 - ERROR - Erreur avec la ligne 8106 (code: 1613132): 1265: Data truncated for column 'latitude' at row 1
2025-07-02 20:17:15,400 - ERROR - Erreur avec la ligne 8107 (code: 160072104): 1265: Data truncated for column 'latitude' at row 1
2025-07-02 20:17:15,412 - ERROR - Erreur avec la ligne 8108 (code: 160072103): 1265: Data truncated for column 'latitude' at row 1
2025-07-02 20:17:15,419 - ERROR - Erreur avec la ligne 8109 (code: 160072102): 1265: Data truncated for column 'latitude' at row 1
2025-07-02 20:17:15,436 - ERROR - Erreur avec la ligne 8110 (code: 160062001): 1265: Data truncated for column 'latitude' at row 1
2025-07-02 20:17:15,448 - ERROR - Erreur avec la ligne 8111 (code: 160072096): 1265: Data truncated for column 'latitude' at row 1
2025-07-02 20:17:15,458 - ERROR - Erreur avec la ligne 8112 (code: 160062110): 1265: Data truncated for column 'latitude' at row 1
2025-07-02 20:17:15,469 - ERROR - Erreur avec la ligne 8113 (code: 1613059): 1265: Data truncated for column 'latitude' at row 1
2025-07-02 20:17:15,479 - ERROR - Erreur avec la ligne 8114 (code: 160072199): 1265: Data truncated for column 'latitude' at row 1
2025-07-02 20:17:15,487 - ERROR - Erreur avec la ligne 8115 (code: 1614022): 1265: Data truncated for column 'latitude' at row 1
2025-07-02 20:17:15,497 - ERROR - Erreur avec la ligne 8116 (code: 160072083): 1265: Data truncated for column 'latitude' at row 1
2025-07-02 20:17:15,507 - ERROR - Erreur avec la ligne 8117 (code: 160071044): 1265: Data truncated for column 'latitude' at row 1
2025-07-02 20:17:15,515 - ERROR - Erreur avec la ligne 8118 (code: 160072110): 1265: Data truncated for column 'latitude' at row 1
2025-07-02 20:17:15,524 - ERROR - Erreur avec la ligne 8119 (code: 160071078): 1265: Data truncated for column 'latitude' at row 1
2025-07-02 20:17:15,533 - ERROR - Erreur avec la ligne 8120 (code: 1614026): 1265: Data truncated for column 'latitude' at row 1
2025-07-02 20:17:15,542 - ERROR - Erreur avec la ligne 8121 (code: 160071005): 1265: Data truncated for column 'latitude' at row 1
2025-07-02 20:17:15,550 - ERROR - Erreur avec la ligne 8122 (code: 160072021): 1265: Data truncated for column 'latitude' at row 1
2025-07-02 20:17:15,558 - ERROR - Erreur avec la ligne 8123 (code: 160071091): 1265: Data truncated for column 'latitude' at row 1
2025-07-02 20:17:15,566 - ERROR - Erreur avec la ligne 8124 (code: 160072041): 1265: Data truncated for column 'latitude' at row 1
2025-07-02 20:17:15,576 - ERROR - Erreur avec la ligne 8125 (code: 160072043): 1265: Data truncated for column 'latitude' at row 1
2025-07-02 20:17:15,584 - ERROR - Erreur avec la ligne 8126 (code: 160072042): 1265: Data truncated for column 'latitude' at row 1
2025-07-02 20:17:15,599 - ERROR - Erreur avec la ligne 8127 (code: 160072040): 1265: Data truncated for column 'latitude' at row 1
2025-07-02 20:17:15,609 - ERROR - Erreur avec la ligne 8128 (code: 160072140): 1265: Data truncated for column 'latitude' at row 1
2025-07-02 20:17:15,617 - ERROR - Erreur avec la ligne 8129 (code: 160072120): 1265: Data truncated for column 'latitude' at row 1
2025-07-02 20:17:15,630 - ERROR - Erreur avec la ligne 8130 (code: 160072121): 1265: Data truncated for column 'latitude' at row 1
2025-07-02 20:17:15,638 - ERROR - Erreur avec la ligne 8131 (code: 160071033): 1265: Data truncated for column 'latitude' at row 1
2025-07-02 20:17:15,647 - ERROR - Erreur avec la ligne 8132 (code: 160072119): 1265: Data truncated for column 'latitude' at row 1
2025-07-02 20:17:15,657 - ERROR - Erreur avec la ligne 8133 (code: 160072136): 1265: Data truncated for column 'latitude' at row 1
2025-07-02 20:17:15,664 - ERROR - Erreur avec la ligne 8134 (code: 160071010): 1265: Data truncated for column 'latitude' at row 1
2025-07-02 20:17:15,676 - ERROR - Erreur avec la ligne 8135 (code: 160072180): 1265: Data truncated for column 'latitude' at row 1
2025-07-02 20:17:15,688 - ERROR - Erreur avec la ligne 8136 (code: 160062153): 1265: Data truncated for column 'latitude' at row 1
2025-07-02 20:17:15,702 - ERROR - Erreur avec la ligne 8137 (code: 160061014): 1265: Data truncated for column 'latitude' at row 1
2025-07-02 20:17:15,799 - ERROR - Erreur avec la ligne 8138 (code: 160071077): 1265: Data truncated for column 'latitude' at row 1
2025-07-02 20:17:15,823 - ERROR - Erreur avec la ligne 8139 (code: 160062066): 1265: Data truncated for column 'latitude' at row 1
2025-07-02 20:17:15,854 - ERROR - Erreur avec la ligne 8140 (code: 1613074): 1265: Data truncated for column 'latitude' at row 1
2025-07-02 20:17:15,866 - ERROR - Erreur avec la ligne 8141 (code: 1614020): 1265: Data truncated for column 'latitude' at row 1
2025-07-02 20:17:15,880 - ERROR - Erreur avec la ligne 8142 (code: 160072027): 1265: Data truncated for column 'latitude' at row 1
2025-07-02 20:17:15,892 - ERROR - Erreur avec la ligne 8143 (code: 160072024): 1265: Data truncated for column 'latitude' at row 1
2025-07-02 20:17:15,901 - ERROR - Erreur avec la ligne 8144 (code: 160071052): 1265: Data truncated for column 'latitude' at row 1
2025-07-02 20:17:15,917 - ERROR - Erreur avec la ligne 8145 (code: 1614041): 1265: Data truncated for column 'latitude' at row 1
2025-07-02 20:17:15,927 - ERROR - Erreur avec la ligne 8146 (code: 1613061): 1265: Data truncated for column 'latitude' at row 1
2025-07-02 20:17:15,937 - ERROR - Erreur avec la ligne 8147 (code: 160071054): 1265: Data truncated for column 'latitude' at row 1
2025-07-02 20:17:15,947 - ERROR - Erreur avec la ligne 8148 (code: 160072059): 1265: Data truncated for column 'latitude' at row 1
2025-07-02 20:17:15,957 - ERROR - Erreur avec la ligne 8149 (code: 160072058): 1265: Data truncated for column 'latitude' at row 1
2025-07-02 20:17:15,965 - ERROR - Erreur avec la ligne 8150 (code: 160072057): 1265: Data truncated for column 'latitude' at row 1
2025-07-02 20:17:15,976 - ERROR - Erreur avec la ligne 8151 (code: 160071009): 1265: Data truncated for column 'latitude' at row 1
2025-07-02 20:17:15,986 - ERROR - Erreur avec la ligne 8152 (code: 160072056): 1265: Data truncated for column 'latitude' at row 1
2025-07-02 20:17:15,996 - ERROR - Erreur avec la ligne 8153 (code: 16130002): 1265: Data truncated for column 'latitude' at row 1
2025-07-02 20:17:16,005 - ERROR - Erreur avec la ligne 8154 (code: 1614043): 1265: Data truncated for column 'latitude' at row 1
2025-07-02 20:17:16,014 - ERROR - Erreur avec la ligne 8155 (code: 160071004): 1265: Data truncated for column 'latitude' at row 1
2025-07-02 20:17:16,024 - ERROR - Erreur avec la ligne 8156 (code: 160072192): 1265: Data truncated for column 'latitude' at row 1
2025-07-02 20:17:16,034 - ERROR - Erreur avec la ligne 8157 (code: 160072196): 1265: Data truncated for column 'latitude' at row 1
2025-07-02 20:17:16,044 - ERROR - Erreur avec la ligne 8158 (code: 160071094): 1265: Data truncated for column 'latitude' at row 1
2025-07-02 20:17:16,053 - ERROR - Erreur avec la ligne 8159 (code: 160022018): 1265: Data truncated for column 'latitude' at row 1
2025-07-02 20:17:16,063 - ERROR - Erreur avec la ligne 8160 (code: 160021005): 1265: Data truncated for column 'latitude' at row 1
2025-07-02 20:17:16,074 - ERROR - Erreur avec la ligne 8161 (code: 160072063): 1265: Data truncated for column 'latitude' at row 1
2025-07-02 20:17:16,084 - ERROR - Erreur avec la ligne 8162 (code: 160071080): 1265: Data truncated for column 'latitude' at row 1
2025-07-02 20:17:16,095 - ERROR - Erreur avec la ligne 8163 (code: 160071092): 1265: Data truncated for column 'latitude' at row 1
2025-07-02 20:17:16,103 - ERROR - Erreur avec la ligne 8164 (code: 160072018): 1265: Data truncated for column 'latitude' at row 1
2025-07-02 20:17:16,113 - ERROR - Erreur avec la ligne 8165 (code: 160071095): 1265: Data truncated for column 'latitude' at row 1
2025-07-02 20:17:16,124 - ERROR - Erreur avec la ligne 8166 (code: 1614033): 1265: Data truncated for column 'latitude' at row 1
2025-07-02 20:17:16,134 - ERROR - Erreur avec la ligne 8167 (code: 160071030): 1265: Data truncated for column 'latitude' at row 1
2025-07-02 20:17:16,144 - ERROR - Erreur avec la ligne 8168 (code: 1613063): 1265: Data truncated for column 'latitude' at row 1
2025-07-02 20:17:16,151 - ERROR - Erreur avec la ligne 8169 (code: 160072015): 1265: Data truncated for column 'latitude' at row 1
2025-07-02 20:17:16,164 - ERROR - Erreur avec la ligne 8170 (code: 160072112): 1265: Data truncated for column 'latitude' at row 1
2025-07-02 20:17:16,173 - ERROR - Erreur avec la ligne 8171 (code: 1614053): 1265: Data truncated for column 'latitude' at row 1
2025-07-02 20:17:16,184 - ERROR - Erreur avec la ligne 8172 (code: 1623001): 1265: Data truncated for column 'latitude' at row 1
2025-07-02 20:17:16,197 - ERROR - Erreur avec la ligne 8173 (code: 160022109): 1265: Data truncated for column 'latitude' at row 1
2025-07-02 20:17:16,206 - ERROR - Erreur avec la ligne 8174 (code: 1613062): 1265: Data truncated for column 'latitude' at row 1
2025-07-02 20:17:16,219 - ERROR - Erreur avec la ligne 8175 (code: 160062018): 1265: Data truncated for column 'latitude' at row 1
2025-07-02 20:17:16,228 - ERROR - Erreur avec la ligne 8176 (code: 160072033): 1265: Data truncated for column 'latitude' at row 1
2025-07-02 20:17:16,237 - ERROR - Erreur avec la ligne 8177 (code: 160071003): 1265: Data truncated for column 'latitude' at row 1
2025-07-02 20:17:16,245 - ERROR - Erreur avec la ligne 8178 (code: 160072036): 1265: Data truncated for column 'latitude' at row 1
2025-07-02 20:17:16,254 - ERROR - Erreur avec la ligne 8179 (code: 160072034): 1265: Data truncated for column 'latitude' at row 1
2025-07-02 20:17:16,263 - ERROR - Erreur avec la ligne 8180 (code: 160072035): 1265: Data truncated for column 'latitude' at row 1
2025-07-02 20:17:16,275 - ERROR - Erreur avec la ligne 8181 (code: 1614052): 1265: Data truncated for column 'latitude' at row 1
2025-07-02 20:17:16,283 - ERROR - Erreur avec la ligne 8182 (code: 1623073): 1265: Data truncated for column 'latitude' at row 1
2025-07-02 20:17:16,293 - ERROR - Erreur avec la ligne 8183 (code: 1600720003): 1265: Data truncated for column 'latitude' at row 1
2025-07-02 20:17:16,305 - ERROR - Erreur avec la ligne 8184 (code: 1613044): 1265: Data truncated for column 'latitude' at row 1
2025-07-02 20:17:16,317 - ERROR - Erreur avec la ligne 8185 (code: 160021023): 1265: Data truncated for column 'latitude' at row 1
2025-07-02 20:17:16,326 - ERROR - Erreur avec la ligne 8186 (code: 160022117): 1265: Data truncated for column 'latitude' at row 1
2025-07-02 20:17:16,334 - ERROR - Erreur avec la ligne 8187 (code: 1613111): 1265: Data truncated for column 'latitude' at row 1
2025-07-02 20:17:16,344 - ERROR - Erreur avec la ligne 8188 (code: 160022016): 1265: Data truncated for column 'latitude' at row 1
2025-07-02 20:17:16,351 - ERROR - Erreur avec la ligne 8189 (code: 160021004): 1265: Data truncated for column 'latitude' at row 1
2025-07-02 20:17:16,361 - ERROR - Erreur avec la ligne 8190 (code: 160062012): 1265: Data truncated for column 'latitude' at row 1
2025-07-02 20:17:16,368 - ERROR - Erreur avec la ligne 8191 (code: 1613136): 1265: Data truncated for column 'latitude' at row 1
2025-07-02 20:17:16,379 - ERROR - Erreur avec la ligne 8192 (code: 160072100): 1265: Data truncated for column 'latitude' at row 1
2025-07-02 20:17:16,387 - ERROR - Erreur avec la ligne 8193 (code: 160071026): 1265: Data truncated for column 'latitude' at row 1
2025-07-02 20:17:16,398 - ERROR - Erreur avec la ligne 8194 (code: 160072016): 1265: Data truncated for column 'latitude' at row 1
2025-07-02 20:17:16,408 - ERROR - Erreur avec la ligne 8195 (code: 160072191): 1265: Data truncated for column 'latitude' at row 1
2025-07-02 20:17:16,416 - ERROR - Erreur avec la ligne 8196 (code: 160062088): 1265: Data truncated for column 'latitude' at row 1
2025-07-02 20:17:16,425 - ERROR - Erreur avec la ligne 8197 (code: 160062002): 1265: Data truncated for column 'latitude' at row 1
2025-07-02 20:17:16,437 - ERROR - Erreur avec la ligne 8198 (code: 160062149): 1265: Data truncated for column 'latitude' at row 1
2025-07-02 20:17:16,449 - ERROR - Erreur avec la ligne 8199 (code: 1614014): 1265: Data truncated for column 'latitude' at row 1
2025-07-02 20:17:16,458 - INFO - Lot 82/153 : 100 lignes traitées en 70.03s (53.9% terminé)
2025-07-02 20:17:16,467 - ERROR - Erreur avec la ligne 8200 (code: 160072170): 1265: Data truncated for column 'latitude' at row 1
2025-07-02 20:17:16,475 - ERROR - Erreur avec la ligne 8201 (code: 160062157): 1265: Data truncated for column 'latitude' at row 1
2025-07-02 20:17:16,483 - ERROR - Erreur avec la ligne 8202 (code: 160061066): 1265: Data truncated for column 'latitude' at row 1
2025-07-02 20:17:16,492 - ERROR - Erreur avec la ligne 8203 (code: 160061011): 1265: Data truncated for column 'latitude' at row 1
2025-07-02 20:17:16,500 - ERROR - Erreur avec la ligne 8204 (code: 160062062): 1265: Data truncated for column 'latitude' at row 1
2025-07-02 20:17:16,509 - ERROR - Erreur avec la ligne 8205 (code: 1600710004): 1265: Data truncated for column 'latitude' at row 1
2025-07-02 20:17:16,518 - ERROR - Erreur avec la ligne 8206 (code: 160061057): 1265: Data truncated for column 'latitude' at row 1
2025-07-02 20:17:16,528 - ERROR - Erreur avec la ligne 8207 (code: 160062146): 1265: Data truncated for column 'latitude' at row 1
2025-07-02 20:17:16,535 - ERROR - Erreur avec la ligne 8208 (code: 160062107): 1265: Data truncated for column 'latitude' at row 1
2025-07-02 20:17:16,545 - ERROR - Erreur avec la ligne 8209 (code: 160062155): 1265: Data truncated for column 'latitude' at row 1
2025-07-02 20:17:16,552 - ERROR - Erreur avec la ligne 8210 (code: 160072023): 1265: Data truncated for column 'latitude' at row 1
2025-07-02 20:17:16,563 - ERROR - Erreur avec la ligne 8211 (code: 16130001): 1265: Data truncated for column 'latitude' at row 1
2025-07-02 20:17:16,571 - ERROR - Erreur avec la ligne 8212 (code: 160022011): 1265: Data truncated for column 'latitude' at row 1
2025-07-02 20:17:16,581 - ERROR - Erreur avec la ligne 8213 (code: 160021051): 1265: Data truncated for column 'latitude' at row 1
2025-07-02 20:17:16,590 - ERROR - Erreur avec la ligne 8214 (code: 160022052): 1265: Data truncated for column 'latitude' at row 1
2025-07-02 20:17:16,602 - ERROR - Erreur avec la ligne 8215 (code: 160062152): 1265: Data truncated for column 'latitude' at row 1
2025-07-02 20:17:16,616 - ERROR - Erreur avec la ligne 8216 (code: 160072144): 1265: Data truncated for column 'latitude' at row 1
2025-07-02 20:17:16,627 - ERROR - Erreur avec la ligne 8217 (code: 160061051): 1265: Data truncated for column 'latitude' at row 1
2025-07-02 20:17:16,634 - ERROR - Erreur avec la ligne 8218 (code: 1600720001): 1265: Data truncated for column 'latitude' at row 1
2025-07-02 20:17:16,649 - ERROR - Erreur avec la ligne 8219 (code: 160071027): 1265: Data truncated for column 'latitude' at row 1
2025-07-02 20:17:16,664 - ERROR - Erreur avec la ligne 8220 (code: 160062017): 1265: Data truncated for column 'latitude' at row 1
2025-07-02 20:17:16,675 - ERROR - Erreur avec la ligne 8221 (code: 160072081): 1265: Data truncated for column 'latitude' at row 1
2025-07-02 20:17:16,687 - ERROR - Erreur avec la ligne 8222 (code: 160062120): 1265: Data truncated for column 'latitude' at row 1
2025-07-02 20:17:16,700 - ERROR - Erreur avec la ligne 8223 (code: 160062119): 1265: Data truncated for column 'latitude' at row 1
2025-07-02 20:17:16,711 - ERROR - Erreur avec la ligne 8224 (code: 160071046): 1265: Data truncated for column 'latitude' at row 1
2025-07-02 20:17:16,719 - ERROR - Erreur avec la ligne 8225 (code: 160071081): 1265: Data truncated for column 'latitude' at row 1
2025-07-02 20:17:16,728 - ERROR - Erreur avec la ligne 8226 (code: 160071050): 1265: Data truncated for column 'latitude' at row 1
2025-07-02 20:17:16,736 - ERROR - Erreur avec la ligne 8227 (code: 160072111): 1265: Data truncated for column 'latitude' at row 1
2025-07-02 20:17:16,745 - ERROR - Erreur avec la ligne 8228 (code: 160072026): 1265: Data truncated for column 'latitude' at row 1
2025-07-02 20:17:16,754 - ERROR - Erreur avec la ligne 8229 (code: 160072099): 1265: Data truncated for column 'latitude' at row 1
2025-07-02 20:17:16,764 - ERROR - Erreur avec la ligne 8230 (code: 160061029): 1265: Data truncated for column 'latitude' at row 1
2025-07-02 20:17:16,776 - ERROR - Erreur avec la ligne 8231 (code: 160022108): 1265: Data truncated for column 'latitude' at row 1
2025-07-02 20:17:16,784 - ERROR - Erreur avec la ligne 8232 (code: 160062082): 1265: Data truncated for column 'latitude' at row 1
2025-07-02 20:17:16,797 - ERROR - Erreur avec la ligne 8233 (code: 160061053): 1265: Data truncated for column 'latitude' at row 1
2025-07-02 20:17:16,807 - ERROR - Erreur avec la ligne 8234 (code: 160022044): 1265: Data truncated for column 'latitude' at row 1
2025-07-02 20:17:16,817 - ERROR - Erreur avec la ligne 8235 (code: 160021003): 1265: Data truncated for column 'latitude' at row 1
2025-07-02 20:17:16,827 - ERROR - Erreur avec la ligne 8236 (code: 1613045): 1265: Data truncated for column 'latitude' at row 1
2025-07-02 20:17:16,835 - ERROR - Erreur avec la ligne 8237 (code: 160072088): 1265: Data truncated for column 'latitude' at row 1
2025-07-02 20:17:16,861 - ERROR - Erreur avec la ligne 8238 (code: 160071029): 1265: Data truncated for column 'latitude' at row 1
2025-07-02 20:17:16,882 - ERROR - Erreur avec la ligne 8239 (code: 160072168): 1265: Data truncated for column 'latitude' at row 1
2025-07-02 20:17:16,895 - ERROR - Erreur avec la ligne 8240 (code: 160022152): 1265: Data truncated for column 'latitude' at row 1
2025-07-02 20:17:16,909 - ERROR - Erreur avec la ligne 8241 (code: 160072134): 1265: Data truncated for column 'latitude' at row 1
2025-07-02 20:17:16,919 - ERROR - Erreur avec la ligne 8242 (code: 160072089): 1265: Data truncated for column 'latitude' at row 1
2025-07-02 20:17:16,931 - ERROR - Erreur avec la ligne 8243 (code: 1613036): 1265: Data truncated for column 'latitude' at row 1
2025-07-02 20:17:16,944 - ERROR - Erreur avec la ligne 8244 (code: 160071021): 1265: Data truncated for column 'latitude' at row 1
2025-07-02 20:17:16,956 - ERROR - Erreur avec la ligne 8245 (code: 160072071): 1265: Data truncated for column 'latitude' at row 1
2025-07-02 20:17:16,967 - ERROR - Erreur avec la ligne 8246 (code: 1613099): 1265: Data truncated for column 'latitude' at row 1
2025-07-02 20:17:16,980 - ERROR - Erreur avec la ligne 8247 (code: 1614048): 1265: Data truncated for column 'latitude' at row 1
2025-07-02 20:17:16,994 - ERROR - Erreur avec la ligne 8248 (code: 160071065): 1265: Data truncated for column 'latitude' at row 1
2025-07-02 20:17:17,017 - ERROR - Erreur avec la ligne 8249 (code: 160022138): 1265: Data truncated for column 'latitude' at row 1
2025-07-02 20:17:17,028 - ERROR - Erreur avec la ligne 8250 (code: 160022087): 1265: Data truncated for column 'latitude' at row 1
2025-07-02 20:17:17,043 - ERROR - Erreur avec la ligne 8251 (code: 1600720004): 1265: Data truncated for column 'latitude' at row 1
2025-07-02 20:17:17,053 - ERROR - Erreur avec la ligne 8252 (code: 1613094): 1265: Data truncated for column 'latitude' at row 1
2025-07-02 20:17:17,066 - ERROR - Erreur avec la ligne 8253 (code: 1614035): 1265: Data truncated for column 'latitude' at row 1
2025-07-02 20:17:17,078 - ERROR - Erreur avec la ligne 8254 (code: 160021013): 1265: Data truncated for column 'latitude' at row 1
2025-07-02 20:17:17,087 - ERROR - Erreur avec la ligne 8255 (code: 1614030): 1265: Data truncated for column 'latitude' at row 1
2025-07-02 20:17:17,100 - ERROR - Erreur avec la ligne 8256 (code: 16140002): 1265: Data truncated for column 'latitude' at row 1
2025-07-02 20:17:17,116 - ERROR - Erreur avec la ligne 8257 (code: 160072050): 1265: Data truncated for column 'latitude' at row 1
2025-07-02 20:17:17,129 - ERROR - Erreur avec la ligne 8258 (code: 160071036): 1265: Data truncated for column 'latitude' at row 1
2025-07-02 20:17:17,143 - ERROR - Erreur avec la ligne 8259 (code: 160072017): 1265: Data truncated for column 'latitude' at row 1
2025-07-02 20:17:17,160 - ERROR - Erreur avec la ligne 8260 (code: 160071057): 1265: Data truncated for column 'latitude' at row 1
2025-07-02 20:17:17,169 - ERROR - Erreur avec la ligne 8261 (code: 160071024): 1265: Data truncated for column 'latitude' at row 1
2025-07-02 20:17:17,183 - ERROR - Erreur avec la ligne 8262 (code: 160072093): 1265: Data truncated for column 'latitude' at row 1
2025-07-02 20:17:17,197 - ERROR - Erreur avec la ligne 8263 (code: 160021058): 1265: Data truncated for column 'latitude' at row 1
2025-07-02 20:17:17,211 - ERROR - Erreur avec la ligne 8264 (code: 160022028): 1265: Data truncated for column 'latitude' at row 1
2025-07-02 20:17:17,221 - ERROR - Erreur avec la ligne 8265 (code: 160072147): 1265: Data truncated for column 'latitude' at row 1
2025-07-02 20:17:17,233 - ERROR - Erreur avec la ligne 8266 (code: 160062041): 1265: Data truncated for column 'latitude' at row 1
2025-07-02 20:17:17,244 - ERROR - Erreur avec la ligne 8267 (code: 160062007): 1265: Data truncated for column 'latitude' at row 1
2025-07-02 20:17:17,256 - ERROR - Erreur avec la ligne 8268 (code: 160061081): 1265: Data truncated for column 'latitude' at row 1
2025-07-02 20:17:17,268 - ERROR - Erreur avec la ligne 8269 (code: 160022017): 1265: Data truncated for column 'latitude' at row 1
2025-07-02 20:17:17,284 - ERROR - Erreur avec la ligne 8270 (code: 1600620002): 1265: Data truncated for column 'latitude' at row 1
2025-07-02 20:17:17,305 - ERROR - Erreur avec la ligne 8271 (code: 160071059): 1265: Data truncated for column 'latitude' at row 1
2025-07-02 20:17:17,326 - ERROR - Erreur avec la ligne 8272 (code: 160022055): 1265: Data truncated for column 'latitude' at row 1
2025-07-02 20:17:17,342 - ERROR - Erreur avec la ligne 8273 (code: 160021064): 1265: Data truncated for column 'latitude' at row 1
2025-07-02 20:17:17,355 - ERROR - Erreur avec la ligne 8274 (code: 1613104): 1265: Data truncated for column 'latitude' at row 1
2025-07-02 20:17:17,365 - ERROR - Erreur avec la ligne 8275 (code: 160072045): 1265: Data truncated for column 'latitude' at row 1
2025-07-02 20:17:17,376 - ERROR - Erreur avec la ligne 8276 (code: 1624003): 1265: Data truncated for column 'latitude' at row 1
2025-07-02 20:17:17,386 - ERROR - Erreur avec la ligne 8277 (code: 1623010): 1265: Data truncated for column 'latitude' at row 1
2025-07-02 20:17:17,396 - ERROR - Erreur avec la ligne 8278 (code: 160061009): 1265: Data truncated for column 'latitude' at row 1
2025-07-02 20:17:17,406 - ERROR - Erreur avec la ligne 8279 (code: 1613114): 1265: Data truncated for column 'latitude' at row 1
2025-07-02 20:17:17,416 - ERROR - Erreur avec la ligne 8280 (code: 160062057): 1265: Data truncated for column 'latitude' at row 1
2025-07-02 20:17:17,429 - ERROR - Erreur avec la ligne 8281 (code: 160022149): 1265: Data truncated for column 'latitude' at row 1
2025-07-02 20:17:17,438 - ERROR - Erreur avec la ligne 8282 (code: 160062150): 1265: Data truncated for column 'latitude' at row 1
2025-07-02 20:17:17,447 - ERROR - Erreur avec la ligne 8283 (code: 160061082): 1265: Data truncated for column 'latitude' at row 1
2025-07-02 20:17:17,458 - ERROR - Erreur avec la ligne 8284 (code: 160062016): 1265: Data truncated for column 'latitude' at row 1
2025-07-02 20:17:17,471 - ERROR - Erreur avec la ligne 8285 (code: 160061042): 1265: Data truncated for column 'latitude' at row 1
2025-07-02 20:17:17,483 - ERROR - Erreur avec la ligne 8286 (code: 160062072): 1265: Data truncated for column 'latitude' at row 1
2025-07-02 20:17:17,492 - ERROR - Erreur avec la ligne 8287 (code: 160012092): 1265: Data truncated for column 'latitude' at row 1
2025-07-02 20:17:17,501 - ERROR - Erreur avec la ligne 8288 (code: 160072012): 1265: Data truncated for column 'latitude' at row 1
2025-07-02 20:17:17,514 - ERROR - Erreur avec la ligne 8289 (code: 160061063): 1265: Data truncated for column 'latitude' at row 1
2025-07-02 20:17:17,525 - ERROR - Erreur avec la ligne 8290 (code: 160062147): 1265: Data truncated for column 'latitude' at row 1
2025-07-02 20:17:17,537 - ERROR - Erreur avec la ligne 8291 (code: 160062050): 1265: Data truncated for column 'latitude' at row 1
2025-07-02 20:17:17,550 - ERROR - Erreur avec la ligne 8292 (code: 160071074): 1265: Data truncated for column 'latitude' at row 1
2025-07-02 20:17:17,564 - ERROR - Erreur avec la ligne 8293 (code: 160072133): 1265: Data truncated for column 'latitude' at row 1
2025-07-02 20:17:17,576 - ERROR - Erreur avec la ligne 8294 (code: 1614013): 1265: Data truncated for column 'latitude' at row 1
2025-07-02 20:17:17,587 - ERROR - Erreur avec la ligne 8295 (code: 1613058): 1265: Data truncated for column 'latitude' at row 1
2025-07-02 20:17:17,600 - ERROR - Erreur avec la ligne 8296 (code: 1613056): 1265: Data truncated for column 'latitude' at row 1
2025-07-02 20:17:17,612 - ERROR - Erreur avec la ligne 8297 (code: 1614011): 1265: Data truncated for column 'latitude' at row 1
2025-07-02 20:17:17,623 - ERROR - Erreur avec la ligne 8298 (code: 160071017): 1265: Data truncated for column 'latitude' at row 1
2025-07-02 20:17:17,632 - ERROR - Erreur avec la ligne 8299 (code: 160062019): 1265: Data truncated for column 'latitude' at row 1
2025-07-02 20:17:17,650 - INFO - Lot 83/153 : 100 lignes traitées en 71.22s (54.5% terminé)
2025-07-02 20:17:17,664 - ERROR - Erreur avec la ligne 8300 (code: 160072077): 1265: Data truncated for column 'latitude' at row 1
2025-07-02 20:17:17,676 - ERROR - Erreur avec la ligne 8301 (code: 160071025): 1265: Data truncated for column 'latitude' at row 1
2025-07-02 20:17:17,690 - ERROR - Erreur avec la ligne 8302 (code: 160071073): 1265: Data truncated for column 'latitude' at row 1
2025-07-02 20:17:17,701 - ERROR - Erreur avec la ligne 8303 (code: 160072092): 1265: Data truncated for column 'latitude' at row 1
2025-07-02 20:17:17,712 - ERROR - Erreur avec la ligne 8304 (code: 160072076): 1265: Data truncated for column 'latitude' at row 1
2025-07-02 20:17:17,726 - ERROR - Erreur avec la ligne 8305 (code: 160021049): 1265: Data truncated for column 'latitude' at row 1
2025-07-02 20:17:17,736 - ERROR - Erreur avec la ligne 8306 (code: 160022072): 1265: Data truncated for column 'latitude' at row 1
2025-07-02 20:17:17,751 - ERROR - Erreur avec la ligne 8307 (code: 160071060): 1265: Data truncated for column 'latitude' at row 1
2025-07-02 20:17:17,765 - ERROR - Erreur avec la ligne 8308 (code: 1623004): 1265: Data truncated for column 'latitude' at row 1
2025-07-02 20:17:17,782 - ERROR - Erreur avec la ligne 8309 (code: 160072062): 1265: Data truncated for column 'latitude' at row 1
2025-07-02 20:17:17,801 - ERROR - Erreur avec la ligne 8310 (code: 160072165): 1265: Data truncated for column 'latitude' at row 1
2025-07-02 20:17:17,817 - ERROR - Erreur avec la ligne 8311 (code: 160061010): 1265: Data truncated for column 'latitude' at row 1
2025-07-02 20:17:17,828 - ERROR - Erreur avec la ligne 8312 (code: 160062059): 1265: Data truncated for column 'latitude' at row 1
2025-07-02 20:17:17,836 - ERROR - Erreur avec la ligne 8313 (code: 160062058): 1265: Data truncated for column 'latitude' at row 1
2025-07-02 20:17:17,847 - ERROR - Erreur avec la ligne 8314 (code: 160011059): 1265: Data truncated for column 'latitude' at row 1
2025-07-02 20:17:17,858 - ERROR - Erreur avec la ligne 8315 (code: 160062145): 1265: Data truncated for column 'latitude' at row 1
2025-07-02 20:17:17,867 - ERROR - Erreur avec la ligne 8316 (code: 1613043): 1265: Data truncated for column 'latitude' at row 1
2025-07-02 20:17:17,942 - ERROR - Erreur avec la ligne 8317 (code: 160061037): 1265: Data truncated for column 'latitude' at row 1
2025-07-02 20:17:17,971 - ERROR - Erreur avec la ligne 8318 (code: 160062056): 1265: Data truncated for column 'latitude' at row 1
2025-07-02 20:17:17,999 - ERROR - Erreur avec la ligne 8319 (code: 160022121): 1265: Data truncated for column 'latitude' at row 1
2025-07-02 20:17:18,025 - ERROR - Erreur avec la ligne 8320 (code: 1613051): 1265: Data truncated for column 'latitude' at row 1
2025-07-02 20:17:18,034 - ERROR - Erreur avec la ligne 8321 (code: 160022014): 1265: Data truncated for column 'latitude' at row 1
2025-07-02 20:17:18,046 - ERROR - Erreur avec la ligne 8322 (code: 1614046): 1265: Data truncated for column 'latitude' at row 1
2025-07-02 20:17:18,058 - ERROR - Erreur avec la ligne 8323 (code: 160072084): 1265: Data truncated for column 'latitude' at row 1
2025-07-02 20:17:18,068 - ERROR - Erreur avec la ligne 8324 (code: 160072085): 1265: Data truncated for column 'latitude' at row 1
2025-07-02 20:17:18,077 - ERROR - Erreur avec la ligne 8325 (code: 160071019): 1265: Data truncated for column 'latitude' at row 1
2025-07-02 20:17:18,084 - ERROR - Erreur avec la ligne 8326 (code: 160062101): 1265: Data truncated for column 'latitude' at row 1
2025-07-02 20:17:18,093 - ERROR - Erreur avec la ligne 8327 (code: 160062100): 1265: Data truncated for column 'latitude' at row 1
2025-07-02 20:17:18,101 - ERROR - Erreur avec la ligne 8328 (code: 160061025): 1265: Data truncated for column 'latitude' at row 1
2025-07-02 20:17:18,113 - ERROR - Erreur avec la ligne 8329 (code: 160021017): 1265: Data truncated for column 'latitude' at row 1
2025-07-02 20:17:18,122 - ERROR - Erreur avec la ligne 8330 (code: 160061049): 1265: Data truncated for column 'latitude' at row 1
2025-07-02 20:17:18,131 - ERROR - Erreur avec la ligne 8331 (code: 160062140): 1265: Data truncated for column 'latitude' at row 1
2025-07-02 20:17:18,141 - ERROR - Erreur avec la ligne 8332 (code: 160022065): 1265: Data truncated for column 'latitude' at row 1
2025-07-02 20:17:18,154 - ERROR - Erreur avec la ligne 8333 (code: 1614042): 1265: Data truncated for column 'latitude' at row 1
2025-07-02 20:17:18,166 - ERROR - Erreur avec la ligne 8334 (code: 1613101): 1265: Data truncated for column 'latitude' at row 1
2025-07-02 20:17:18,176 - ERROR - Erreur avec la ligne 8335 (code: 160062020): 1265: Data truncated for column 'latitude' at row 1
2025-07-02 20:17:18,185 - ERROR - Erreur avec la ligne 8336 (code: 1623066): 1265: Data truncated for column 'latitude' at row 1
2025-07-02 20:17:18,196 - ERROR - Erreur avec la ligne 8337 (code: 160022116): 1265: Data truncated for column 'latitude' at row 1
2025-07-02 20:17:18,204 - ERROR - Erreur avec la ligne 8338 (code: 160072197): 1265: Data truncated for column 'latitude' at row 1
2025-07-02 20:17:18,216 - ERROR - Erreur avec la ligne 8339 (code: 160022045): 1265: Data truncated for column 'latitude' at row 1
2025-07-02 20:17:18,227 - ERROR - Erreur avec la ligne 8340 (code: 160021038): 1265: Data truncated for column 'latitude' at row 1
2025-07-02 20:17:18,235 - ERROR - Erreur avec la ligne 8341 (code: 160072174): 1265: Data truncated for column 'latitude' at row 1
2025-07-02 20:17:18,246 - ERROR - Erreur avec la ligne 8342 (code: 160071012): 1265: Data truncated for column 'latitude' at row 1
2025-07-02 20:17:18,255 - ERROR - Erreur avec la ligne 8343 (code: 160072067): 1265: Data truncated for column 'latitude' at row 1
2025-07-02 20:17:18,264 - ERROR - Erreur avec la ligne 8344 (code: 160062009): 1265: Data truncated for column 'latitude' at row 1
2025-07-02 20:17:18,275 - ERROR - Erreur avec la ligne 8345 (code: 160062006): 1265: Data truncated for column 'latitude' at row 1
2025-07-02 20:17:18,283 - ERROR - Erreur avec la ligne 8346 (code: 160071083): 1265: Data truncated for column 'latitude' at row 1
2025-07-02 20:17:18,293 - ERROR - Erreur avec la ligne 8347 (code: 160072172): 1265: Data truncated for column 'latitude' at row 1
2025-07-02 20:17:18,304 - ERROR - Erreur avec la ligne 8348 (code: 160022082): 1265: Data truncated for column 'latitude' at row 1
2025-07-02 20:17:18,314 - ERROR - Erreur avec la ligne 8349 (code: 160022081): 1265: Data truncated for column 'latitude' at row 1
2025-07-02 20:17:18,324 - ERROR - Erreur avec la ligne 8350 (code: 160071014): 1265: Data truncated for column 'latitude' at row 1
2025-07-02 20:17:18,332 - ERROR - Erreur avec la ligne 8351 (code: 160072070): 1265: Data truncated for column 'latitude' at row 1
2025-07-02 20:17:18,344 - ERROR - Erreur avec la ligne 8352 (code: 160062037): 1265: Data truncated for column 'latitude' at row 1
2025-07-02 20:17:18,352 - ERROR - Erreur avec la ligne 8353 (code: 160062156): 1265: Data truncated for column 'latitude' at row 1
2025-07-02 20:17:18,362 - ERROR - Erreur avec la ligne 8354 (code: 160021032): 1265: Data truncated for column 'latitude' at row 1
2025-07-02 20:17:18,372 - ERROR - Erreur avec la ligne 8355 (code: 160022027): 1265: Data truncated for column 'latitude' at row 1
2025-07-02 20:17:18,381 - ERROR - Erreur avec la ligne 8356 (code: 160062083): 1265: Data truncated for column 'latitude' at row 1
2025-07-02 20:17:18,391 - ERROR - Erreur avec la ligne 8357 (code: 160061018): 1265: Data truncated for column 'latitude' at row 1
2025-07-02 20:17:18,400 - ERROR - Erreur avec la ligne 8358 (code: 1613049): 1265: Data truncated for column 'latitude' at row 1
2025-07-02 20:17:18,409 - ERROR - Erreur avec la ligne 8359 (code: 160071023): 1265: Data truncated for column 'latitude' at row 1
2025-07-02 20:17:18,417 - ERROR - Erreur avec la ligne 8360 (code: 160062013): 1265: Data truncated for column 'latitude' at row 1
2025-07-02 20:17:18,427 - ERROR - Erreur avec la ligne 8361 (code: 160072091): 1265: Data truncated for column 'latitude' at row 1
2025-07-02 20:17:18,436 - ERROR - Erreur avec la ligne 8362 (code: 160062089): 1265: Data truncated for column 'latitude' at row 1
2025-07-02 20:17:18,446 - ERROR - Erreur avec la ligne 8363 (code: 160062043): 1265: Data truncated for column 'latitude' at row 1
2025-07-02 20:17:18,456 - ERROR - Erreur avec la ligne 8364 (code: 160022132): 1265: Data truncated for column 'latitude' at row 1
2025-07-02 20:17:18,469 - ERROR - Erreur avec la ligne 8365 (code: 160021044): 1265: Data truncated for column 'latitude' at row 1
2025-07-02 20:17:18,478 - ERROR - Erreur avec la ligne 8366 (code: 160022056): 1265: Data truncated for column 'latitude' at row 1
2025-07-02 20:17:18,486 - ERROR - Erreur avec la ligne 8367 (code: 160022034): 1265: Data truncated for column 'latitude' at row 1
2025-07-02 20:17:18,496 - ERROR - Erreur avec la ligne 8368 (code: 160021046): 1265: Data truncated for column 'latitude' at row 1
2025-07-02 20:17:18,505 - ERROR - Erreur avec la ligne 8369 (code: 160072173): 1265: Data truncated for column 'latitude' at row 1
2025-07-02 20:17:18,514 - ERROR - Erreur avec la ligne 8370 (code: 160062042): 1265: Data truncated for column 'latitude' at row 1
2025-07-02 20:17:18,525 - ERROR - Erreur avec la ligne 8371 (code: 160061059): 1265: Data truncated for column 'latitude' at row 1
2025-07-02 20:17:18,533 - ERROR - Erreur avec la ligne 8372 (code: 160012048): 1265: Data truncated for column 'latitude' at row 1
2025-07-02 20:17:18,544 - ERROR - Erreur avec la ligne 8373 (code: 160071002): 1265: Data truncated for column 'latitude' at row 1
2025-07-02 20:17:18,553 - ERROR - Erreur avec la ligne 8374 (code: 160072032): 1265: Data truncated for column 'latitude' at row 1
2025-07-02 20:17:18,562 - ERROR - Erreur avec la ligne 8375 (code: 160022114): 1265: Data truncated for column 'latitude' at row 1
2025-07-02 20:17:18,570 - ERROR - Erreur avec la ligne 8376 (code: 160072013): 1265: Data truncated for column 'latitude' at row 1
2025-07-02 20:17:18,583 - ERROR - Erreur avec la ligne 8377 (code: 160061017): 1265: Data truncated for column 'latitude' at row 1
2025-07-02 20:17:18,593 - ERROR - Erreur avec la ligne 8378 (code: 160062081): 1265: Data truncated for column 'latitude' at row 1
2025-07-02 20:17:18,604 - ERROR - Erreur avec la ligne 8379 (code: 1613076): 1265: Data truncated for column 'latitude' at row 1
2025-07-02 20:17:18,613 - ERROR - Erreur avec la ligne 8380 (code: 160062053): 1265: Data truncated for column 'latitude' at row 1
2025-07-02 20:17:18,623 - ERROR - Erreur avec la ligne 8381 (code: 160022115): 1265: Data truncated for column 'latitude' at row 1
2025-07-02 20:17:18,631 - ERROR - Erreur avec la ligne 8382 (code: 160021041): 1265: Data truncated for column 'latitude' at row 1
2025-07-02 20:17:18,641 - ERROR - Erreur avec la ligne 8383 (code: 160061036): 1265: Data truncated for column 'latitude' at row 1
2025-07-02 20:17:18,649 - ERROR - Erreur avec la ligne 8384 (code: 160072028): 1265: Data truncated for column 'latitude' at row 1
2025-07-02 20:17:18,659 - ERROR - Erreur avec la ligne 8385 (code: 160071001): 1265: Data truncated for column 'latitude' at row 1
2025-07-02 20:17:18,668 - ERROR - Erreur avec la ligne 8386 (code: 160062141): 1265: Data truncated for column 'latitude' at row 1
2025-07-02 20:17:18,678 - ERROR - Erreur avec la ligne 8387 (code: 160062024): 1265: Data truncated for column 'latitude' at row 1
2025-07-02 20:17:18,687 - ERROR - Erreur avec la ligne 8388 (code: 160061002): 1265: Data truncated for column 'latitude' at row 1
2025-07-02 20:17:18,697 - ERROR - Erreur avec la ligne 8389 (code: 160071028): 1265: Data truncated for column 'latitude' at row 1
2025-07-02 20:17:18,708 - ERROR - Erreur avec la ligne 8390 (code: 160072105): 1265: Data truncated for column 'latitude' at row 1
2025-07-02 20:17:18,717 - ERROR - Erreur avec la ligne 8391 (code: 160022119): 1265: Data truncated for column 'latitude' at row 1
2025-07-02 20:17:18,727 - ERROR - Erreur avec la ligne 8392 (code: 160021042): 1265: Data truncated for column 'latitude' at row 1
2025-07-02 20:17:18,735 - ERROR - Erreur avec la ligne 8393 (code: 16240001): 1265: Data truncated for column 'latitude' at row 1
2025-07-02 20:17:18,746 - ERROR - Erreur avec la ligne 8394 (code: 160072079): 1265: Data truncated for column 'latitude' at row 1
2025-07-02 20:17:18,754 - ERROR - Erreur avec la ligne 8395 (code: 160071041): 1265: Data truncated for column 'latitude' at row 1
2025-07-02 20:17:18,764 - ERROR - Erreur avec la ligne 8396 (code: 160022125): 1265: Data truncated for column 'latitude' at row 1
2025-07-02 20:17:18,774 - ERROR - Erreur avec la ligne 8397 (code: 160021050): 1265: Data truncated for column 'latitude' at row 1
2025-07-02 20:17:18,784 - ERROR - Erreur avec la ligne 8398 (code: 160022120): 1265: Data truncated for column 'latitude' at row 1
2025-07-02 20:17:18,800 - ERROR - Erreur avec la ligne 8399 (code: 160021030): 1265: Data truncated for column 'latitude' at row 1
2025-07-02 20:17:18,811 - INFO - Lot 84/153 : 100 lignes traitées en 72.38s (55.2% terminé)
2025-07-02 20:17:18,821 - ERROR - Erreur avec la ligne 8400 (code: 160062091): 1265: Data truncated for column 'latitude' at row 1
2025-07-02 20:17:18,832 - ERROR - Erreur avec la ligne 8401 (code: 160062131): 1265: Data truncated for column 'latitude' at row 1
2025-07-02 20:17:18,842 - ERROR - Erreur avec la ligne 8402 (code: 160061022): 1265: Data truncated for column 'latitude' at row 1
2025-07-02 20:17:18,850 - ERROR - Erreur avec la ligne 8403 (code: 1623003): 1265: Data truncated for column 'latitude' at row 1
2025-07-02 20:17:18,860 - ERROR - Erreur avec la ligne 8404 (code: 160061007): 1265: Data truncated for column 'latitude' at row 1
2025-07-02 20:17:18,868 - ERROR - Erreur avec la ligne 8405 (code: 1623017): 1265: Data truncated for column 'latitude' at row 1
2025-07-02 20:17:18,877 - ERROR - Erreur avec la ligne 8406 (code: 160062004): 1265: Data truncated for column 'latitude' at row 1
2025-07-02 20:17:18,887 - ERROR - Erreur avec la ligne 8407 (code: 160021084): 1265: Data truncated for column 'latitude' at row 1
2025-07-02 20:17:18,897 - ERROR - Erreur avec la ligne 8408 (code: 160022054): 1265: Data truncated for column 'latitude' at row 1
2025-07-02 20:17:18,906 - ERROR - Erreur avec la ligne 8409 (code: 1613110): 1265: Data truncated for column 'latitude' at row 1
2025-07-02 20:17:18,914 - ERROR - Erreur avec la ligne 8410 (code: 160022159): 1265: Data truncated for column 'latitude' at row 1
2025-07-02 20:17:18,925 - ERROR - Erreur avec la ligne 8411 (code: 160022029): 1265: Data truncated for column 'latitude' at row 1
2025-07-02 20:17:18,942 - ERROR - Erreur avec la ligne 8412 (code: 160021002): 1265: Data truncated for column 'latitude' at row 1
2025-07-02 20:17:18,949 - ERROR - Erreur avec la ligne 8413 (code: 160011032): 1265: Data truncated for column 'latitude' at row 1
2025-07-02 20:17:18,959 - ERROR - Erreur avec la ligne 8414 (code: 1613086): 1265: Data truncated for column 'latitude' at row 1
2025-07-02 20:17:18,971 - ERROR - Erreur avec la ligne 8415 (code: 160021059): 1265: Data truncated for column 'latitude' at row 1
2025-07-02 20:17:18,983 - ERROR - Erreur avec la ligne 8416 (code: 160062084): 1265: Data truncated for column 'latitude' at row 1
2025-07-02 20:17:18,992 - ERROR - Erreur avec la ligne 8417 (code: 160022053): 1265: Data truncated for column 'latitude' at row 1
2025-07-02 20:17:19,001 - ERROR - Erreur avec la ligne 8418 (code: 160021026): 1265: Data truncated for column 'latitude' at row 1
2025-07-02 20:17:19,011 - ERROR - Erreur avec la ligne 8419 (code: 160022031): 1265: Data truncated for column 'latitude' at row 1
2025-07-02 20:17:19,020 - ERROR - Erreur avec la ligne 8420 (code: 160061073): 1265: Data truncated for column 'latitude' at row 1
2025-07-02 20:17:19,029 - ERROR - Erreur avec la ligne 8421 (code: 160062090): 1265: Data truncated for column 'latitude' at row 1
2025-07-02 20:17:19,039 - ERROR - Erreur avec la ligne 8422 (code: 160022155): 1265: Data truncated for column 'latitude' at row 1
2025-07-02 20:17:19,052 - ERROR - Erreur avec la ligne 8423 (code: 160021018): 1265: Data truncated for column 'latitude' at row 1
2025-07-02 20:17:19,064 - ERROR - Erreur avec la ligne 8424 (code: 160022077): 1265: Data truncated for column 'latitude' at row 1
2025-07-02 20:17:19,074 - ERROR - Erreur avec la ligne 8425 (code: 160022076): 1265: Data truncated for column 'latitude' at row 1
2025-07-02 20:17:19,083 - ERROR - Erreur avec la ligne 8426 (code: 160062080): 1265: Data truncated for column 'latitude' at row 1
2025-07-02 20:17:19,092 - ERROR - Erreur avec la ligne 8427 (code: 160061044): 1265: Data truncated for column 'latitude' at row 1
2025-07-02 20:17:19,100 - ERROR - Erreur avec la ligne 8428 (code: 1613039): 1265: Data truncated for column 'latitude' at row 1
2025-07-02 20:17:19,110 - ERROR - Erreur avec la ligne 8429 (code: 160012047): 1265: Data truncated for column 'latitude' at row 1
2025-07-02 20:17:19,119 - ERROR - Erreur avec la ligne 8430 (code: 1613103): 1265: Data truncated for column 'latitude' at row 1
2025-07-02 20:17:19,128 - ERROR - Erreur avec la ligne 8431 (code: 160012037): 1265: Data truncated for column 'latitude' at row 1
2025-07-02 20:17:19,138 - ERROR - Erreur avec la ligne 8432 (code: 160071049): 1265: Data truncated for column 'latitude' at row 1
2025-07-02 20:17:19,148 - ERROR - Erreur avec la ligne 8433 (code: 160072114): 1265: Data truncated for column 'latitude' at row 1
2025-07-02 20:17:19,157 - ERROR - Erreur avec la ligne 8434 (code: 160022124): 1265: Data truncated for column 'latitude' at row 1
2025-07-02 20:17:19,166 - ERROR - Erreur avec la ligne 8435 (code: 160072094): 1265: Data truncated for column 'latitude' at row 1
2025-07-02 20:17:19,176 - ERROR - Erreur avec la ligne 8436 (code: 160011040): 1265: Data truncated for column 'latitude' at row 1
2025-07-02 20:17:19,188 - ERROR - Erreur avec la ligne 8437 (code: 160061013): 1265: Data truncated for column 'latitude' at row 1
2025-07-02 20:17:19,200 - ERROR - Erreur avec la ligne 8438 (code: 160062065): 1265: Data truncated for column 'latitude' at row 1
2025-07-02 20:17:19,210 - ERROR - Erreur avec la ligne 8439 (code: 1623007): 1265: Data truncated for column 'latitude' at row 1
2025-07-02 20:17:19,218 - ERROR - Erreur avec la ligne 8440 (code: 16240005): 1265: Data truncated for column 'latitude' at row 1
2025-07-02 20:17:19,231 - ERROR - Erreur avec la ligne 8441 (code: 160071018): 1265: Data truncated for column 'latitude' at row 1
2025-07-02 20:17:19,241 - ERROR - Erreur avec la ligne 8442 (code: 160021061): 1265: Data truncated for column 'latitude' at row 1
2025-07-02 20:17:19,253 - ERROR - Erreur avec la ligne 8443 (code: 160072082): 1265: Data truncated for column 'latitude' at row 1
2025-07-02 20:17:19,265 - ERROR - Erreur avec la ligne 8444 (code: 160072167): 1265: Data truncated for column 'latitude' at row 1
2025-07-02 20:17:19,275 - ERROR - Erreur avec la ligne 8445 (code: 160022042): 1265: Data truncated for column 'latitude' at row 1
2025-07-02 20:17:19,283 - ERROR - Erreur avec la ligne 8446 (code: 160062025): 1265: Data truncated for column 'latitude' at row 1
2025-07-02 20:17:19,294 - ERROR - Erreur avec la ligne 8447 (code: 160071085): 1265: Data truncated for column 'latitude' at row 1
2025-07-02 20:17:19,305 - ERROR - Erreur avec la ligne 8448 (code: 1613042): 1265: Data truncated for column 'latitude' at row 1
2025-07-02 20:17:19,317 - ERROR - Erreur avec la ligne 8449 (code: 160072066): 1265: Data truncated for column 'latitude' at row 1
2025-07-02 20:17:19,329 - ERROR - Erreur avec la ligne 8450 (code: 160061003): 1265: Data truncated for column 'latitude' at row 1
2025-07-02 20:17:19,342 - ERROR - Erreur avec la ligne 8451 (code: 160072054): 1265: Data truncated for column 'latitude' at row 1
2025-07-02 20:17:19,351 - ERROR - Erreur avec la ligne 8452 (code: 160072048): 1265: Data truncated for column 'latitude' at row 1
2025-07-02 20:17:19,361 - ERROR - Erreur avec la ligne 8453 (code: 160072001): 1265: Data truncated for column 'latitude' at row 1
2025-07-02 20:17:19,370 - ERROR - Erreur avec la ligne 8454 (code: 160072141): 1265: Data truncated for column 'latitude' at row 1
2025-07-02 20:17:19,380 - ERROR - Erreur avec la ligne 8455 (code: 160071035): 1265: Data truncated for column 'latitude' at row 1
2025-07-02 20:17:19,388 - ERROR - Erreur avec la ligne 8456 (code: 160062052): 1265: Data truncated for column 'latitude' at row 1
2025-07-02 20:17:19,400 - ERROR - Erreur avec la ligne 8457 (code: 160072049): 1265: Data truncated for column 'latitude' at row 1
2025-07-02 20:17:19,411 - ERROR - Erreur avec la ligne 8458 (code: 160022019): 1265: Data truncated for column 'latitude' at row 1
2025-07-02 20:17:19,419 - ERROR - Erreur avec la ligne 8459 (code: 160021052): 1265: Data truncated for column 'latitude' at row 1
2025-07-02 20:17:19,429 - ERROR - Erreur avec la ligne 8460 (code: 160022158): 1265: Data truncated for column 'latitude' at row 1
2025-07-02 20:17:19,438 - ERROR - Erreur avec la ligne 8461 (code: 160022127): 1265: Data truncated for column 'latitude' at row 1
2025-07-02 20:17:19,447 - ERROR - Erreur avec la ligne 8462 (code: 160021020): 1265: Data truncated for column 'latitude' at row 1
2025-07-02 20:17:19,456 - ERROR - Erreur avec la ligne 8463 (code: 160021019): 1265: Data truncated for column 'latitude' at row 1
2025-07-02 20:17:19,465 - ERROR - Erreur avec la ligne 8464 (code: 160061016): 1265: Data truncated for column 'latitude' at row 1
2025-07-02 20:17:19,476 - ERROR - Erreur avec la ligne 8465 (code: 160062130): 1265: Data truncated for column 'latitude' at row 1
2025-07-02 20:17:19,487 - ERROR - Erreur avec la ligne 8466 (code: 160062079): 1265: Data truncated for column 'latitude' at row 1
2025-07-02 20:17:19,501 - ERROR - Erreur avec la ligne 8467 (code: 160022137): 1265: Data truncated for column 'latitude' at row 1
2025-07-02 20:17:19,517 - ERROR - Erreur avec la ligne 8468 (code: 160021040): 1265: Data truncated for column 'latitude' at row 1
2025-07-02 20:17:19,530 - ERROR - Erreur avec la ligne 8469 (code: 160062014): 1265: Data truncated for column 'latitude' at row 1
2025-07-02 20:17:19,540 - ERROR - Erreur avec la ligne 8470 (code: 160011051): 1265: Data truncated for column 'latitude' at row 1
2025-07-02 20:17:19,549 - ERROR - Erreur avec la ligne 8471 (code: 160022126): 1265: Data truncated for column 'latitude' at row 1
2025-07-02 20:17:19,560 - ERROR - Erreur avec la ligne 8472 (code: 160021035): 1265: Data truncated for column 'latitude' at row 1
2025-07-02 20:17:19,569 - ERROR - Erreur avec la ligne 8473 (code: 160061027): 1265: Data truncated for column 'latitude' at row 1
2025-07-02 20:17:19,578 - ERROR - Erreur avec la ligne 8474 (code: 160061024): 1265: Data truncated for column 'latitude' at row 1
2025-07-02 20:17:19,587 - ERROR - Erreur avec la ligne 8475 (code: 160061077): 1265: Data truncated for column 'latitude' at row 1
2025-07-02 20:17:19,596 - ERROR - Erreur avec la ligne 8476 (code: 160062113): 1265: Data truncated for column 'latitude' at row 1
2025-07-02 20:17:19,607 - ERROR - Erreur avec la ligne 8477 (code: 160021015): 1265: Data truncated for column 'latitude' at row 1
2025-07-02 20:17:19,616 - ERROR - Erreur avec la ligne 8478 (code: 160062099): 1265: Data truncated for column 'latitude' at row 1
2025-07-02 20:17:19,627 - ERROR - Erreur avec la ligne 8479 (code: 160022073): 1265: Data truncated for column 'latitude' at row 1
2025-07-02 20:17:19,636 - ERROR - Erreur avec la ligne 8480 (code: 160022104): 1265: Data truncated for column 'latitude' at row 1
2025-07-02 20:17:19,646 - ERROR - Erreur avec la ligne 8481 (code: 1613037): 1265: Data truncated for column 'latitude' at row 1
2025-07-02 20:17:19,655 - ERROR - Erreur avec la ligne 8482 (code: 160071071): 1265: Data truncated for column 'latitude' at row 1
2025-07-02 20:17:19,665 - ERROR - Erreur avec la ligne 8483 (code: 160012083): 1265: Data truncated for column 'latitude' at row 1
2025-07-02 20:17:19,673 - ERROR - Erreur avec la ligne 8484 (code: 160072098): 1265: Data truncated for column 'latitude' at row 1
2025-07-02 20:17:19,683 - ERROR - Erreur avec la ligne 8485 (code: 160022060): 1265: Data truncated for column 'latitude' at row 1
2025-07-02 20:17:19,693 - ERROR - Erreur avec la ligne 8486 (code: 160012096): 1265: Data truncated for column 'latitude' at row 1
2025-07-02 20:17:19,701 - ERROR - Erreur avec la ligne 8487 (code: 160022106): 1265: Data truncated for column 'latitude' at row 1
2025-07-02 20:17:19,715 - ERROR - Erreur avec la ligne 8488 (code: 160021037): 1265: Data truncated for column 'latitude' at row 1
2025-07-02 20:17:19,725 - ERROR - Erreur avec la ligne 8489 (code: 160062064): 1265: Data truncated for column 'latitude' at row 1
2025-07-02 20:17:19,735 - ERROR - Erreur avec la ligne 8490 (code: 160011033): 1265: Data truncated for column 'latitude' at row 1
2025-07-02 20:17:19,801 - ERROR - Erreur avec la ligne 8491 (code: 1624004): 1265: Data truncated for column 'latitude' at row 1
2025-07-02 20:17:19,842 - ERROR - Erreur avec la ligne 8492 (code: 1623011): 1265: Data truncated for column 'latitude' at row 1
2025-07-02 20:17:19,850 - ERROR - Erreur avec la ligne 8493 (code: 160021027): 1265: Data truncated for column 'latitude' at row 1
2025-07-02 20:17:19,859 - ERROR - Erreur avec la ligne 8494 (code: 160022105): 1265: Data truncated for column 'latitude' at row 1
2025-07-02 20:17:19,867 - ERROR - Erreur avec la ligne 8495 (code: 1613082): 1265: Data truncated for column 'latitude' at row 1
2025-07-02 20:17:19,876 - ERROR - Erreur avec la ligne 8496 (code: 160072086): 1265: Data truncated for column 'latitude' at row 1
2025-07-02 20:17:19,883 - ERROR - Erreur avec la ligne 8497 (code: 160022133): 1265: Data truncated for column 'latitude' at row 1
2025-07-02 20:17:19,893 - ERROR - Erreur avec la ligne 8498 (code: 160022100): 1265: Data truncated for column 'latitude' at row 1
2025-07-02 20:17:19,904 - ERROR - Erreur avec la ligne 8499 (code: 160071045): 1265: Data truncated for column 'latitude' at row 1
2025-07-02 20:17:19,915 - INFO - Lot 85/153 : 100 lignes traitées en 73.49s (55.9% terminé)
2025-07-02 20:17:19,926 - ERROR - Erreur avec la ligne 8500 (code: 160061071): 1265: Data truncated for column 'latitude' at row 1
2025-07-02 20:17:19,934 - ERROR - Erreur avec la ligne 8501 (code: 160062074): 1265: Data truncated for column 'latitude' at row 1
2025-07-02 20:17:19,943 - ERROR - Erreur avec la ligne 8502 (code: 160012057): 1265: Data truncated for column 'latitude' at row 1
2025-07-02 20:17:19,951 - ERROR - Erreur avec la ligne 8503 (code: 160072190): 1265: Data truncated for column 'latitude' at row 1
2025-07-02 20:17:19,961 - ERROR - Erreur avec la ligne 8504 (code: 160071093): 1265: Data truncated for column 'latitude' at row 1
2025-07-02 20:17:19,969 - ERROR - Erreur avec la ligne 8505 (code: 160062115): 1265: Data truncated for column 'latitude' at row 1
2025-07-02 20:17:19,978 - ERROR - Erreur avec la ligne 8506 (code: 160062114): 1265: Data truncated for column 'latitude' at row 1
2025-07-02 20:17:19,986 - ERROR - Erreur avec la ligne 8507 (code: 160061047): 1265: Data truncated for column 'latitude' at row 1
2025-07-02 20:17:19,995 - ERROR - Erreur avec la ligne 8508 (code: 160062096): 1265: Data truncated for column 'latitude' at row 1
2025-07-02 20:17:20,004 - ERROR - Erreur avec la ligne 8509 (code: 1613041): 1265: Data truncated for column 'latitude' at row 1
2025-07-02 20:17:20,015 - ERROR - Erreur avec la ligne 8510 (code: 1614049): 1265: Data truncated for column 'latitude' at row 1
2025-07-02 20:17:20,028 - ERROR - Erreur avec la ligne 8511 (code: 1613078): 1265: Data truncated for column 'latitude' at row 1
2025-07-02 20:17:20,040 - ERROR - Erreur avec la ligne 8512 (code: 160062011): 1265: Data truncated for column 'latitude' at row 1
2025-07-02 20:17:20,051 - ERROR - Erreur avec la ligne 8513 (code: 160012018): 1265: Data truncated for column 'latitude' at row 1
2025-07-02 20:17:20,066 - ERROR - Erreur avec la ligne 8514 (code: 160072107): 1265: Data truncated for column 'latitude' at row 1
2025-07-02 20:17:20,076 - ERROR - Erreur avec la ligne 8515 (code: 160011036): 1265: Data truncated for column 'latitude' at row 1
2025-07-02 20:17:20,085 - ERROR - Erreur avec la ligne 8516 (code: 160011017): 1265: Data truncated for column 'latitude' at row 1
2025-07-02 20:17:20,095 - ERROR - Erreur avec la ligne 8517 (code: 160022162): 1265: Data truncated for column 'latitude' at row 1
2025-07-02 20:17:20,103 - ERROR - Erreur avec la ligne 8518 (code: 160022061): 1265: Data truncated for column 'latitude' at row 1
2025-07-02 20:17:20,113 - ERROR - Erreur avec la ligne 8519 (code: 160022063): 1265: Data truncated for column 'latitude' at row 1
2025-07-02 20:17:20,121 - ERROR - Erreur avec la ligne 8520 (code: 160012066): 1265: Data truncated for column 'latitude' at row 1
2025-07-02 20:17:20,132 - ERROR - Erreur avec la ligne 8521 (code: 160062117): 1265: Data truncated for column 'latitude' at row 1
2025-07-02 20:17:20,141 - ERROR - Erreur avec la ligne 8522 (code: 160062070): 1265: Data truncated for column 'latitude' at row 1
2025-07-02 20:17:20,150 - ERROR - Erreur avec la ligne 8523 (code: 160022128): 1265: Data truncated for column 'latitude' at row 1
2025-07-02 20:17:20,160 - ERROR - Erreur avec la ligne 8524 (code: 160012004): 1265: Data truncated for column 'latitude' at row 1
2025-07-02 20:17:20,168 - ERROR - Erreur avec la ligne 8525 (code: 160061076): 1265: Data truncated for column 'latitude' at row 1
2025-07-02 20:17:20,178 - ERROR - Erreur avec la ligne 8526 (code: 160062086): 1265: Data truncated for column 'latitude' at row 1
2025-07-02 20:17:20,186 - ERROR - Erreur avec la ligne 8527 (code: 160012118): 1265: Data truncated for column 'latitude' at row 1
2025-07-02 20:17:20,196 - ERROR - Erreur avec la ligne 8528 (code: 160021043): 1265: Data truncated for column 'latitude' at row 1
2025-07-02 20:17:20,206 - ERROR - Erreur avec la ligne 8529 (code: 160061005): 1265: Data truncated for column 'latitude' at row 1
2025-07-02 20:17:20,215 - ERROR - Erreur avec la ligne 8530 (code: 160061061): 1265: Data truncated for column 'latitude' at row 1
2025-07-02 20:17:20,225 - ERROR - Erreur avec la ligne 8531 (code: 160062032): 1265: Data truncated for column 'latitude' at row 1
2025-07-02 20:17:20,233 - ERROR - Erreur avec la ligne 8532 (code: 160022111): 1265: Data truncated for column 'latitude' at row 1
2025-07-02 20:17:20,244 - ERROR - Erreur avec la ligne 8533 (code: 160062038): 1265: Data truncated for column 'latitude' at row 1
2025-07-02 20:17:20,252 - ERROR - Erreur avec la ligne 8534 (code: 160062031): 1265: Data truncated for column 'latitude' at row 1
2025-07-02 20:17:20,265 - ERROR - Erreur avec la ligne 8535 (code: 1613150): 1265: Data truncated for column 'latitude' at row 1
2025-07-02 20:17:20,274 - ERROR - Erreur avec la ligne 8536 (code: 160022062): 1265: Data truncated for column 'latitude' at row 1
2025-07-02 20:17:20,383 - ERROR - Erreur avec la ligne 8537 (code: 160021039): 1265: Data truncated for column 'latitude' at row 1
2025-07-02 20:17:20,403 - ERROR - Erreur avec la ligne 8538 (code: 160062015): 1265: Data truncated for column 'latitude' at row 1
2025-07-02 20:17:20,416 - ERROR - Erreur avec la ligne 8539 (code: 160061028): 1265: Data truncated for column 'latitude' at row 1
2025-07-02 20:17:20,427 - ERROR - Erreur avec la ligne 8540 (code: 160062049): 1265: Data truncated for column 'latitude' at row 1
2025-07-02 20:17:20,436 - ERROR - Erreur avec la ligne 8541 (code: 1614038): 1265: Data truncated for column 'latitude' at row 1
2025-07-02 20:17:20,445 - ERROR - Erreur avec la ligne 8542 (code: 160011039): 1265: Data truncated for column 'latitude' at row 1
2025-07-02 20:17:20,453 - ERROR - Erreur avec la ligne 8543 (code: 160011035): 1265: Data truncated for column 'latitude' at row 1
2025-07-02 20:17:20,467 - ERROR - Erreur avec la ligne 8544 (code: 160011016): 1265: Data truncated for column 'latitude' at row 1
2025-07-02 20:17:20,482 - ERROR - Erreur avec la ligne 8545 (code: 160011015): 1265: Data truncated for column 'latitude' at row 1
2025-07-02 20:17:20,492 - ERROR - Erreur avec la ligne 8546 (code: 160021067): 1265: Data truncated for column 'latitude' at row 1
2025-07-02 20:17:20,502 - ERROR - Erreur avec la ligne 8547 (code: 160012012): 1265: Data truncated for column 'latitude' at row 1
2025-07-02 20:17:20,516 - ERROR - Erreur avec la ligne 8548 (code: 1613148): 1265: Data truncated for column 'latitude' at row 1
2025-07-02 20:17:20,526 - ERROR - Erreur avec la ligne 8549 (code: 1613052): 1265: Data truncated for column 'latitude' at row 1
2025-07-02 20:17:20,533 - ERROR - Erreur avec la ligne 8550 (code: 1613034): 1265: Data truncated for column 'latitude' at row 1
2025-07-02 20:17:20,543 - ERROR - Erreur avec la ligne 8551 (code: 160022099): 1265: Data truncated for column 'latitude' at row 1
2025-07-02 20:17:20,551 - ERROR - Erreur avec la ligne 8552 (code: 160022098): 1265: Data truncated for column 'latitude' at row 1
2025-07-02 20:17:20,560 - ERROR - Erreur avec la ligne 8553 (code: 160021016): 1265: Data truncated for column 'latitude' at row 1
2025-07-02 20:17:20,570 - ERROR - Erreur avec la ligne 8554 (code: 160062136): 1265: Data truncated for column 'latitude' at row 1
2025-07-02 20:17:20,578 - ERROR - Erreur avec la ligne 8555 (code: 160061035): 1265: Data truncated for column 'latitude' at row 1
2025-07-02 20:17:20,589 - ERROR - Erreur avec la ligne 8556 (code: 160062005): 1265: Data truncated for column 'latitude' at row 1
2025-07-02 20:17:20,598 - ERROR - Erreur avec la ligne 8557 (code: 160012076): 1265: Data truncated for column 'latitude' at row 1
2025-07-02 20:17:20,608 - ERROR - Erreur avec la ligne 8558 (code: 160062116): 1265: Data truncated for column 'latitude' at row 1
2025-07-02 20:17:20,617 - ERROR - Erreur avec la ligne 8559 (code: 160022035): 1265: Data truncated for column 'latitude' at row 1
2025-07-02 20:17:20,628 - ERROR - Erreur avec la ligne 8560 (code: 160062073): 1265: Data truncated for column 'latitude' at row 1
2025-07-02 20:17:20,636 - ERROR - Erreur avec la ligne 8561 (code: 1600720007): 1265: Data truncated for column 'latitude' at row 1
2025-07-02 20:17:20,646 - ERROR - Erreur avec la ligne 8562 (code: 160061015): 1265: Data truncated for column 'latitude' at row 1
2025-07-02 20:17:20,654 - ERROR - Erreur avec la ligne 8563 (code: 160012046): 1265: Data truncated for column 'latitude' at row 1
2025-07-02 20:17:20,664 - ERROR - Erreur avec la ligne 8564 (code: 160022151): 1265: Data truncated for column 'latitude' at row 1
2025-07-02 20:17:20,674 - ERROR - Erreur avec la ligne 8565 (code: 160012052): 1265: Data truncated for column 'latitude' at row 1
2025-07-02 20:17:20,682 - ERROR - Erreur avec la ligne 8566 (code: 16240003): 1265: Data truncated for column 'latitude' at row 1
2025-07-02 20:17:20,692 - ERROR - Erreur avec la ligne 8567 (code: 1623006): 1265: Data truncated for column 'latitude' at row 1
2025-07-02 20:17:20,700 - ERROR - Erreur avec la ligne 8568 (code: 1613080): 1265: Data truncated for column 'latitude' at row 1
2025-07-02 20:17:20,709 - ERROR - Erreur avec la ligne 8569 (code: 160022005): 1265: Data truncated for column 'latitude' at row 1
2025-07-02 20:17:20,731 - ERROR - Erreur avec la ligne 8570 (code: 160012020): 1265: Data truncated for column 'latitude' at row 1
2025-07-02 20:17:20,743 - ERROR - Erreur avec la ligne 8571 (code: 160012101): 1265: Data truncated for column 'latitude' at row 1
2025-07-02 20:17:20,754 - ERROR - Erreur avec la ligne 8572 (code: 160062087): 1265: Data truncated for column 'latitude' at row 1
2025-07-02 20:17:20,765 - ERROR - Erreur avec la ligne 8573 (code: 160061021): 1265: Data truncated for column 'latitude' at row 1
2025-07-02 20:17:20,776 - ERROR - Erreur avec la ligne 8574 (code: 160011021): 1265: Data truncated for column 'latitude' at row 1
2025-07-02 20:17:20,789 - ERROR - Erreur avec la ligne 8575 (code: 160012010): 1265: Data truncated for column 'latitude' at row 1
2025-07-02 20:17:20,797 - ERROR - Erreur avec la ligne 8576 (code: 160012062): 1265: Data truncated for column 'latitude' at row 1
2025-07-02 20:17:20,807 - ERROR - Erreur avec la ligne 8577 (code: 1613003): 1265: Data truncated for column 'latitude' at row 1
2025-07-02 20:17:20,816 - ERROR - Erreur avec la ligne 8578 (code: 160061020): 1265: Data truncated for column 'latitude' at row 1
2025-07-02 20:17:20,826 - ERROR - Erreur avec la ligne 8579 (code: 160012013): 1265: Data truncated for column 'latitude' at row 1
2025-07-02 20:17:20,834 - ERROR - Erreur avec la ligne 8580 (code: 160062085): 1265: Data truncated for column 'latitude' at row 1
2025-07-02 20:17:20,843 - ERROR - Erreur avec la ligne 8581 (code: 160062078): 1265: Data truncated for column 'latitude' at row 1
2025-07-02 20:17:20,851 - ERROR - Erreur avec la ligne 8582 (code: 160061043): 1265: Data truncated for column 'latitude' at row 1
2025-07-02 20:17:20,862 - ERROR - Erreur avec la ligne 8583 (code: 160011031): 1265: Data truncated for column 'latitude' at row 1
2025-07-02 20:17:20,870 - ERROR - Erreur avec la ligne 8584 (code: 160012011): 1265: Data truncated for column 'latitude' at row 1
2025-07-02 20:17:20,880 - ERROR - Erreur avec la ligne 8585 (code: 160061030): 1265: Data truncated for column 'latitude' at row 1
2025-07-02 20:17:20,889 - ERROR - Erreur avec la ligne 8586 (code: 160062125): 1265: Data truncated for column 'latitude' at row 1
2025-07-02 20:17:20,898 - ERROR - Erreur avec la ligne 8587 (code: 160011003): 1265: Data truncated for column 'latitude' at row 1
2025-07-02 20:17:20,908 - ERROR - Erreur avec la ligne 8588 (code: 160022088): 1265: Data truncated for column 'latitude' at row 1
2025-07-02 20:17:20,916 - ERROR - Erreur avec la ligne 8589 (code: 160021070): 1265: Data truncated for column 'latitude' at row 1
2025-07-02 20:17:20,927 - ERROR - Erreur avec la ligne 8590 (code: 160011001): 1265: Data truncated for column 'latitude' at row 1
2025-07-02 20:17:20,935 - ERROR - Erreur avec la ligne 8591 (code: 160012003): 1265: Data truncated for column 'latitude' at row 1
2025-07-02 20:17:20,948 - ERROR - Erreur avec la ligne 8592 (code: 160062098): 1265: Data truncated for column 'latitude' at row 1
2025-07-02 20:17:20,959 - ERROR - Erreur avec la ligne 8593 (code: 160061045): 1265: Data truncated for column 'latitude' at row 1
2025-07-02 20:17:20,970 - ERROR - Erreur avec la ligne 8594 (code: 160011041): 1265: Data truncated for column 'latitude' at row 1
2025-07-02 20:17:20,981 - ERROR - Erreur avec la ligne 8595 (code: 160011023): 1265: Data truncated for column 'latitude' at row 1
2025-07-02 20:17:20,992 - ERROR - Erreur avec la ligne 8596 (code: 160011006): 1265: Data truncated for column 'latitude' at row 1
2025-07-02 20:17:21,003 - ERROR - Erreur avec la ligne 8597 (code: 160012067): 1265: Data truncated for column 'latitude' at row 1
2025-07-02 20:17:21,013 - ERROR - Erreur avec la ligne 8598 (code: 160012001): 1265: Data truncated for column 'latitude' at row 1
2025-07-02 20:17:21,022 - ERROR - Erreur avec la ligne 8599 (code: 160011044): 1265: Data truncated for column 'latitude' at row 1
2025-07-02 20:17:21,031 - INFO - Lot 86/153 : 100 lignes traitées en 74.60s (56.5% terminé)
2025-07-02 20:17:21,042 - ERROR - Erreur avec la ligne 8600 (code: 160072156): 1265: Data truncated for column 'latitude' at row 1
2025-07-02 20:17:21,051 - ERROR - Erreur avec la ligne 8601 (code: 160062063): 1265: Data truncated for column 'latitude' at row 1
2025-07-02 20:17:21,060 - ERROR - Erreur avec la ligne 8602 (code: 1613038): 1265: Data truncated for column 'latitude' at row 1
2025-07-02 20:17:21,069 - ERROR - Erreur avec la ligne 8603 (code: 160012098): 1265: Data truncated for column 'latitude' at row 1
2025-07-02 20:17:21,079 - ERROR - Erreur avec la ligne 8604 (code: 1613001): 1265: Data truncated for column 'latitude' at row 1
2025-07-02 20:17:21,088 - ERROR - Erreur avec la ligne 8605 (code: 160012007): 1265: Data truncated for column 'latitude' at row 1
2025-07-02 20:17:21,098 - ERROR - Erreur avec la ligne 8606 (code: 160061012): 1265: Data truncated for column 'latitude' at row 1
2025-07-02 20:17:21,107 - ERROR - Erreur avec la ligne 8607 (code: 160062051): 1265: Data truncated for column 'latitude' at row 1
2025-07-02 20:17:21,119 - ERROR - Erreur avec la ligne 8608 (code: 1614002): 1265: Data truncated for column 'latitude' at row 1
2025-07-02 20:17:21,133 - ERROR - Erreur avec la ligne 8609 (code: 1613006): 1265: Data truncated for column 'latitude' at row 1
2025-07-02 20:17:21,145 - ERROR - Erreur avec la ligne 8610 (code: 160022102): 1265: Data truncated for column 'latitude' at row 1
2025-07-02 20:17:21,154 - ERROR - Erreur avec la ligne 8611 (code: 160012074): 1265: Data truncated for column 'latitude' at row 1
2025-07-02 20:17:21,181 - ERROR - Erreur avec la ligne 8612 (code: 160011053): 1265: Data truncated for column 'latitude' at row 1
2025-07-02 20:17:21,193 - ERROR - Erreur avec la ligne 8613 (code: 160011048): 1265: Data truncated for column 'latitude' at row 1
2025-07-02 20:17:21,202 - ERROR - Erreur avec la ligne 8614 (code: 160011025): 1265: Data truncated for column 'latitude' at row 1
2025-07-02 20:17:21,213 - ERROR - Erreur avec la ligne 8615 (code: 160011022): 1265: Data truncated for column 'latitude' at row 1
2025-07-02 20:17:21,225 - ERROR - Erreur avec la ligne 8616 (code: 160011014): 1265: Data truncated for column 'latitude' at row 1
2025-07-02 20:17:21,233 - ERROR - Erreur avec la ligne 8617 (code: 160011002): 1265: Data truncated for column 'latitude' at row 1
2025-07-02 20:17:21,244 - ERROR - Erreur avec la ligne 8618 (code: 160012065): 1265: Data truncated for column 'latitude' at row 1
2025-07-02 20:17:21,254 - ERROR - Erreur avec la ligne 8619 (code: 160022051): 1265: Data truncated for column 'latitude' at row 1
2025-07-02 20:17:21,263 - ERROR - Erreur avec la ligne 8620 (code: 160021063): 1265: Data truncated for column 'latitude' at row 1
2025-07-02 20:17:21,273 - ERROR - Erreur avec la ligne 8621 (code: 160012102): 1265: Data truncated for column 'latitude' at row 1
2025-07-02 20:17:21,282 - ERROR - Erreur avec la ligne 8622 (code: 160062138): 1265: Data truncated for column 'latitude' at row 1
2025-07-02 20:17:21,292 - ERROR - Erreur avec la ligne 8623 (code: 160012015): 1265: Data truncated for column 'latitude' at row 1
2025-07-02 20:17:21,303 - ERROR - Erreur avec la ligne 8624 (code: 160061068): 1265: Data truncated for column 'latitude' at row 1
2025-07-02 20:17:21,314 - ERROR - Erreur avec la ligne 8625 (code: 1613141): 1265: Data truncated for column 'latitude' at row 1
2025-07-02 20:17:21,324 - ERROR - Erreur avec la ligne 8626 (code: 160062135): 1265: Data truncated for column 'latitude' at row 1
2025-07-02 20:17:21,333 - ERROR - Erreur avec la ligne 8627 (code: 160021062): 1265: Data truncated for column 'latitude' at row 1
2025-07-02 20:17:21,343 - ERROR - Erreur avec la ligne 8628 (code: 160022046): 1265: Data truncated for column 'latitude' at row 1
2025-07-02 20:17:21,351 - ERROR - Erreur avec la ligne 8629 (code: 160012078): 1265: Data truncated for column 'latitude' at row 1
2025-07-02 20:17:21,366 - ERROR - Erreur avec la ligne 8630 (code: 160012049): 1265: Data truncated for column 'latitude' at row 1
2025-07-02 20:17:21,375 - ERROR - Erreur avec la ligne 8631 (code: 160012079): 1265: Data truncated for column 'latitude' at row 1
2025-07-02 20:17:21,389 - ERROR - Erreur avec la ligne 8632 (code: 160011038): 1265: Data truncated for column 'latitude' at row 1
2025-07-02 20:17:21,401 - ERROR - Erreur avec la ligne 8633 (code: 160011030): 1265: Data truncated for column 'latitude' at row 1
2025-07-02 20:17:21,415 - ERROR - Erreur avec la ligne 8634 (code: 160011005): 1265: Data truncated for column 'latitude' at row 1
2025-07-02 20:17:21,425 - ERROR - Erreur avec la ligne 8635 (code: 160011004): 1265: Data truncated for column 'latitude' at row 1
2025-07-02 20:17:21,433 - ERROR - Erreur avec la ligne 8636 (code: 1613007): 1265: Data truncated for column 'latitude' at row 1
2025-07-02 20:17:21,443 - ERROR - Erreur avec la ligne 8637 (code: 1614003): 1265: Data truncated for column 'latitude' at row 1
2025-07-02 20:17:21,451 - ERROR - Erreur avec la ligne 8638 (code: 160062029): 1265: Data truncated for column 'latitude' at row 1
2025-07-02 20:17:21,462 - ERROR - Erreur avec la ligne 8639 (code: 1614005): 1265: Data truncated for column 'latitude' at row 1
2025-07-02 20:17:21,470 - ERROR - Erreur avec la ligne 8640 (code: 160012063): 1265: Data truncated for column 'latitude' at row 1
2025-07-02 20:17:21,480 - ERROR - Erreur avec la ligne 8641 (code: 160062122): 1265: Data truncated for column 'latitude' at row 1
2025-07-02 20:17:21,490 - ERROR - Erreur avec la ligne 8642 (code: 160012022): 1265: Data truncated for column 'latitude' at row 1
2025-07-02 20:17:21,497 - ERROR - Erreur avec la ligne 8643 (code: 160012064): 1265: Data truncated for column 'latitude' at row 1
2025-07-02 20:17:21,509 - ERROR - Erreur avec la ligne 8644 (code: 160061060): 1265: Data truncated for column 'latitude' at row 1
2025-07-02 20:17:21,517 - ERROR - Erreur avec la ligne 8645 (code: 160062068): 1265: Data truncated for column 'latitude' at row 1
2025-07-02 20:17:21,530 - ERROR - Erreur avec la ligne 8646 (code: 160012039): 1265: Data truncated for column 'latitude' at row 1
2025-07-02 20:17:21,541 - ERROR - Erreur avec la ligne 8647 (code: 1613146): 1265: Data truncated for column 'latitude' at row 1
2025-07-02 20:17:21,551 - ERROR - Erreur avec la ligne 8648 (code: 160012009): 1265: Data truncated for column 'latitude' at row 1
2025-07-02 20:17:21,561 - ERROR - Erreur avec la ligne 8649 (code: 160011049): 1265: Data truncated for column 'latitude' at row 1
2025-07-02 20:17:21,569 - ERROR - Erreur avec la ligne 8650 (code: 160011047): 1265: Data truncated for column 'latitude' at row 1
2025-07-02 20:17:21,579 - ERROR - Erreur avec la ligne 8651 (code: 160011037): 1265: Data truncated for column 'latitude' at row 1
2025-07-02 20:17:21,588 - ERROR - Erreur avec la ligne 8652 (code: 160011028): 1265: Data truncated for column 'latitude' at row 1
2025-07-02 20:17:21,598 - ERROR - Erreur avec la ligne 8653 (code: 160011013): 1265: Data truncated for column 'latitude' at row 1
2025-07-02 20:17:21,608 - ERROR - Erreur avec la ligne 8654 (code: 160011007): 1265: Data truncated for column 'latitude' at row 1
2025-07-02 20:17:21,617 - ERROR - Erreur avec la ligne 8655 (code: 160011019): 1265: Data truncated for column 'latitude' at row 1
2025-07-02 20:17:21,628 - ERROR - Erreur avec la ligne 8656 (code: 1613112): 1265: Data truncated for column 'latitude' at row 1
2025-07-02 20:17:21,636 - ERROR - Erreur avec la ligne 8657 (code: 160061031): 1265: Data truncated for column 'latitude' at row 1
2025-07-02 20:17:21,650 - ERROR - Erreur avec la ligne 8658 (code: 160062126): 1265: Data truncated for column 'latitude' at row 1
2025-07-02 20:17:21,661 - ERROR - Erreur avec la ligne 8659 (code: 160062133): 1265: Data truncated for column 'latitude' at row 1
2025-07-02 20:17:21,669 - ERROR - Erreur avec la ligne 8660 (code: 160062067): 1265: Data truncated for column 'latitude' at row 1
2025-07-02 20:17:21,681 - ERROR - Erreur avec la ligne 8661 (code: 160012019): 1265: Data truncated for column 'latitude' at row 1
2025-07-02 20:17:21,691 - ERROR - Erreur avec la ligne 8662 (code: 160062134): 1265: Data truncated for column 'latitude' at row 1
2025-07-02 20:17:21,700 - ERROR - Erreur avec la ligne 8663 (code: 1613048): 1265: Data truncated for column 'latitude' at row 1
2025-07-02 20:17:21,712 - ERROR - Erreur avec la ligne 8664 (code: 160061052): 1265: Data truncated for column 'latitude' at row 1
2025-07-02 20:17:21,722 - ERROR - Erreur avec la ligne 8665 (code: 160012091): 1265: Data truncated for column 'latitude' at row 1
2025-07-02 20:17:21,733 - ERROR - Erreur avec la ligne 8666 (code: 160012070): 1265: Data truncated for column 'latitude' at row 1
2025-07-02 20:17:21,744 - ERROR - Erreur avec la ligne 8667 (code: 160012082): 1265: Data truncated for column 'latitude' at row 1
2025-07-02 20:17:21,753 - ERROR - Erreur avec la ligne 8668 (code: 160012017): 1265: Data truncated for column 'latitude' at row 1
2025-07-02 20:17:21,765 - ERROR - Erreur avec la ligne 8669 (code: 160012100): 1265: Data truncated for column 'latitude' at row 1
2025-07-02 20:17:21,777 - ERROR - Erreur avec la ligne 8670 (code: 160062124): 1265: Data truncated for column 'latitude' at row 1
2025-07-02 20:17:21,787 - ERROR - Erreur avec la ligne 8671 (code: 160012080): 1265: Data truncated for column 'latitude' at row 1
2025-07-02 20:17:21,798 - ERROR - Erreur avec la ligne 8672 (code: 160011050): 1265: Data truncated for column 'latitude' at row 1
2025-07-02 20:17:21,808 - ERROR - Erreur avec la ligne 8673 (code: 160012093): 1265: Data truncated for column 'latitude' at row 1
2025-07-02 20:17:21,817 - ERROR - Erreur avec la ligne 8674 (code: 1613090): 1265: Data truncated for column 'latitude' at row 1
2025-07-02 20:17:21,831 - ERROR - Erreur avec la ligne 8675 (code: 160012036): 1265: Data truncated for column 'latitude' at row 1
2025-07-02 20:17:21,843 - ERROR - Erreur avec la ligne 8676 (code: 160012051): 1265: Data truncated for column 'latitude' at row 1
2025-07-02 20:17:21,852 - ERROR - Erreur avec la ligne 8677 (code: 1613127): 1265: Data truncated for column 'latitude' at row 1
2025-07-02 20:17:21,863 - ERROR - Erreur avec la ligne 8678 (code: 160012071): 1265: Data truncated for column 'latitude' at row 1
2025-07-02 20:17:21,873 - ERROR - Erreur avec la ligne 8679 (code: 160012099): 1265: Data truncated for column 'latitude' at row 1
2025-07-02 20:17:21,883 - ERROR - Erreur avec la ligne 8680 (code: 160011054): 1265: Data truncated for column 'latitude' at row 1
2025-07-02 20:17:21,895 - ERROR - Erreur avec la ligne 8681 (code: 160011045): 1265: Data truncated for column 'latitude' at row 1
2025-07-02 20:17:21,905 - ERROR - Erreur avec la ligne 8682 (code: 160011018): 1265: Data truncated for column 'latitude' at row 1
2025-07-02 20:17:21,917 - ERROR - Erreur avec la ligne 8683 (code: 160012045): 1265: Data truncated for column 'latitude' at row 1
2025-07-02 20:17:21,932 - ERROR - Erreur avec la ligne 8684 (code: 160012090): 1265: Data truncated for column 'latitude' at row 1
2025-07-02 20:17:21,944 - ERROR - Erreur avec la ligne 8685 (code: 160012035): 1265: Data truncated for column 'latitude' at row 1
2025-07-02 20:17:21,959 - ERROR - Erreur avec la ligne 8686 (code: 160012060): 1265: Data truncated for column 'latitude' at row 1
2025-07-02 20:17:21,967 - ERROR - Erreur avec la ligne 8687 (code: 160012072): 1265: Data truncated for column 'latitude' at row 1
2025-07-02 20:17:21,989 - ERROR - Erreur avec la ligne 8688 (code: 160012097): 1265: Data truncated for column 'latitude' at row 1
2025-07-02 20:17:22,014 - ERROR - Erreur avec la ligne 8689 (code: 1613004): 1265: Data truncated for column 'latitude' at row 1
2025-07-02 20:17:22,028 - ERROR - Erreur avec la ligne 8690 (code: 160011061): 1265: Data truncated for column 'latitude' at row 1
2025-07-02 20:17:22,037 - ERROR - Erreur avec la ligne 8691 (code: 160011056): 1265: Data truncated for column 'latitude' at row 1
2025-07-02 20:17:22,047 - ERROR - Erreur avec la ligne 8692 (code: 160011052): 1265: Data truncated for column 'latitude' at row 1
2025-07-02 20:17:22,057 - ERROR - Erreur avec la ligne 8693 (code: 160012016): 1265: Data truncated for column 'latitude' at row 1
2025-07-02 20:17:22,066 - ERROR - Erreur avec la ligne 8694 (code: 160011011): 1265: Data truncated for column 'latitude' at row 1
2025-07-02 20:17:22,077 - ERROR - Erreur avec la ligne 8695 (code: 160012077): 1265: Data truncated for column 'latitude' at row 1
2025-07-02 20:17:22,085 - ERROR - Erreur avec la ligne 8696 (code: 160012061): 1265: Data truncated for column 'latitude' at row 1
2025-07-02 20:17:22,096 - ERROR - Erreur avec la ligne 8697 (code: 160012068): 1265: Data truncated for column 'latitude' at row 1
2025-07-02 20:17:22,104 - ERROR - Erreur avec la ligne 8698 (code: 160012006): 1265: Data truncated for column 'latitude' at row 1
2025-07-02 20:17:22,114 - ERROR - Erreur avec la ligne 8699 (code: 160012116): 1265: Data truncated for column 'latitude' at row 1
2025-07-02 20:17:22,136 - INFO - Lot 87/153 : 100 lignes traitées en 75.71s (57.2% terminé)
2025-07-02 20:17:22,159 - ERROR - Erreur avec la ligne 8700 (code: 160012088): 1265: Data truncated for column 'latitude' at row 1
2025-07-02 20:17:22,184 - ERROR - Erreur avec la ligne 8701 (code: 160051052): 1265: Data truncated for column 'latitude' at row 1
2025-07-02 20:17:22,203 - ERROR - Erreur avec la ligne 8702 (code: 160072145): 1265: Data truncated for column 'latitude' at row 1
2025-07-02 20:17:22,225 - ERROR - Erreur avec la ligne 8703 (code: 160012120): 1265: Data truncated for column 'latitude' at row 1
2025-07-02 20:17:22,247 - ERROR - Erreur avec la ligne 8704 (code: 160012030): 1265: Data truncated for column 'latitude' at row 1
2025-07-02 20:17:22,275 - ERROR - Erreur avec la ligne 8705 (code: 160011062): 1265: Data truncated for column 'latitude' at row 1
2025-07-02 20:17:22,295 - ERROR - Erreur avec la ligne 8706 (code: 160011043): 1265: Data truncated for column 'latitude' at row 1
2025-07-02 20:17:22,330 - ERROR - Erreur avec la ligne 8707 (code: 160012108): 1265: Data truncated for column 'latitude' at row 1
2025-07-02 20:17:22,352 - ERROR - Erreur avec la ligne 8708 (code: 160012059): 1265: Data truncated for column 'latitude' at row 1
2025-07-02 20:17:22,364 - ERROR - Erreur avec la ligne 8709 (code: 160011046): 1265: Data truncated for column 'latitude' at row 1
2025-07-02 20:17:22,373 - ERROR - Erreur avec la ligne 8710 (code: 160011042): 1265: Data truncated for column 'latitude' at row 1
2025-07-02 20:17:22,381 - ERROR - Erreur avec la ligne 8711 (code: 160011027): 1265: Data truncated for column 'latitude' at row 1
2025-07-02 20:17:22,392 - ERROR - Erreur avec la ligne 8712 (code: 160011026): 1265: Data truncated for column 'latitude' at row 1
2025-07-02 20:17:22,400 - ERROR - Erreur avec la ligne 8713 (code: 160011024): 1265: Data truncated for column 'latitude' at row 1
2025-07-02 20:17:22,411 - ERROR - Erreur avec la ligne 8714 (code: 160012106): 1265: Data truncated for column 'latitude' at row 1
2025-07-02 20:17:22,421 - ERROR - Erreur avec la ligne 8715 (code: 160011063): 1265: Data truncated for column 'latitude' at row 1
2025-07-02 20:17:22,431 - ERROR - Erreur avec la ligne 8716 (code: 160012069): 1265: Data truncated for column 'latitude' at row 1
2025-07-02 20:17:22,444 - ERROR - Erreur avec la ligne 8717 (code: 160012029): 1265: Data truncated for column 'latitude' at row 1
2025-07-02 20:17:22,454 - ERROR - Erreur avec la ligne 8718 (code: 1613010): 1265: Data truncated for column 'latitude' at row 1
2025-07-02 20:17:22,464 - ERROR - Erreur avec la ligne 8719 (code: 160012111): 1265: Data truncated for column 'latitude' at row 1
2025-07-02 20:17:22,475 - ERROR - Erreur avec la ligne 8720 (code: 1614001): 1265: Data truncated for column 'latitude' at row 1
2025-07-02 20:17:22,488 - ERROR - Erreur avec la ligne 8721 (code: 1613005): 1265: Data truncated for column 'latitude' at row 1
2025-07-02 20:17:22,497 - ERROR - Erreur avec la ligne 8722 (code: 1600120002): 1265: Data truncated for column 'latitude' at row 1
2025-07-02 20:17:22,545 - ERROR - Erreur avec la ligne 8723 (code: 1600110001): 1265: Data truncated for column 'latitude' at row 1
2025-07-02 20:17:22,600 - ERROR - Erreur avec la ligne 8724 (code: 160012103): 1265: Data truncated for column 'latitude' at row 1
2025-07-02 20:17:22,623 - ERROR - Erreur avec la ligne 8725 (code: 160012075): 1265: Data truncated for column 'latitude' at row 1
2025-07-02 20:17:22,633 - ERROR - Erreur avec la ligne 8726 (code: 1614023): 1265: Data truncated for column 'latitude' at row 1
2025-07-02 20:17:22,643 - ERROR - Erreur avec la ligne 8727 (code: 1613008): 1265: Data truncated for column 'latitude' at row 1
2025-07-02 20:17:22,652 - ERROR - Erreur avec la ligne 8728 (code: 160012027): 1265: Data truncated for column 'latitude' at row 1
2025-07-02 20:17:22,662 - ERROR - Erreur avec la ligne 8729 (code: 1613089): 1265: Data truncated for column 'latitude' at row 1
2025-07-02 20:17:22,671 - ERROR - Erreur avec la ligne 8730 (code: 160012050): 1265: Data truncated for column 'latitude' at row 1
2025-07-02 20:17:22,680 - ERROR - Erreur avec la ligne 8731 (code: 160011020): 1265: Data truncated for column 'latitude' at row 1
2025-07-02 20:17:22,691 - ERROR - Erreur avec la ligne 8732 (code: 160012005): 1265: Data truncated for column 'latitude' at row 1
2025-07-02 20:17:22,700 - ERROR - Erreur avec la ligne 8733 (code: 160012109): 1265: Data truncated for column 'latitude' at row 1
2025-07-02 20:17:22,710 - ERROR - Erreur avec la ligne 8734 (code: 160011065): 1265: Data truncated for column 'latitude' at row 1
2025-07-02 20:17:22,718 - ERROR - Erreur avec la ligne 8735 (code: 1614032): 1265: Data truncated for column 'latitude' at row 1
2025-07-02 20:17:22,727 - ERROR - Erreur avec la ligne 8736 (code: 1613009): 1265: Data truncated for column 'latitude' at row 1
2025-07-02 20:17:22,736 - ERROR - Erreur avec la ligne 8737 (code: 160012033): 1265: Data truncated for column 'latitude' at row 1
2025-07-02 20:17:22,745 - ERROR - Erreur avec la ligne 8738 (code: 160012032): 1265: Data truncated for column 'latitude' at row 1
2025-07-02 20:17:22,754 - ERROR - Erreur avec la ligne 8739 (code: 160012034): 1265: Data truncated for column 'latitude' at row 1
2025-07-02 20:17:22,763 - ERROR - Erreur avec la ligne 8740 (code: 1613137): 1265: Data truncated for column 'latitude' at row 1
2025-07-02 20:17:22,772 - ERROR - Erreur avec la ligne 8741 (code: 160011010): 1265: Data truncated for column 'latitude' at row 1
2025-07-02 20:17:22,783 - ERROR - Erreur avec la ligne 8742 (code: 160011009): 1265: Data truncated for column 'latitude' at row 1
2025-07-02 20:17:22,793 - ERROR - Erreur avec la ligne 8743 (code: 160011008): 1265: Data truncated for column 'latitude' at row 1
2025-07-02 20:17:22,802 - ERROR - Erreur avec la ligne 8744 (code: 160011057): 1265: Data truncated for column 'latitude' at row 1
2025-07-02 20:17:22,812 - ERROR - Erreur avec la ligne 8745 (code: 160012113): 1265: Data truncated for column 'latitude' at row 1
2025-07-02 20:17:22,824 - ERROR - Erreur avec la ligne 8746 (code: 160012119): 1265: Data truncated for column 'latitude' at row 1
2025-07-02 20:17:22,832 - ERROR - Erreur avec la ligne 8747 (code: 160012040): 1265: Data truncated for column 'latitude' at row 1
2025-07-02 20:17:22,843 - ERROR - Erreur avec la ligne 8748 (code: 160011064): 1265: Data truncated for column 'latitude' at row 1
2025-07-02 20:17:22,851 - ERROR - Erreur avec la ligne 8749 (code: 160012041): 1265: Data truncated for column 'latitude' at row 1
2025-07-02 20:17:22,864 - ERROR - Erreur avec la ligne 8750 (code: 160012042): 1265: Data truncated for column 'latitude' at row 1
2025-07-02 20:17:22,874 - ERROR - Erreur avec la ligne 8751 (code: 1613130): 1265: Data truncated for column 'latitude' at row 1
2025-07-02 20:17:22,886 - ERROR - Erreur avec la ligne 8752 (code: 160031057): 1265: Data truncated for column 'latitude' at row 1
2025-07-02 20:17:22,899 - ERROR - Erreur avec la ligne 8753 (code: 160012025): 1265: Data truncated for column 'latitude' at row 1
2025-07-02 20:17:22,910 - ERROR - Erreur avec la ligne 8754 (code: 160012031): 1265: Data truncated for column 'latitude' at row 1
2025-07-02 20:17:22,923 - ERROR - Erreur avec la ligne 8755 (code: 1613145): 1265: Data truncated for column 'latitude' at row 1
2025-07-02 20:17:22,931 - ERROR - Erreur avec la ligne 8756 (code: 160012028): 1265: Data truncated for column 'latitude' at row 1
2025-07-02 20:17:22,941 - ERROR - Erreur avec la ligne 8757 (code: 160012044): 1265: Data truncated for column 'latitude' at row 1
2025-07-02 20:17:22,949 - ERROR - Erreur avec la ligne 8758 (code: 160012043): 1265: Data truncated for column 'latitude' at row 1
2025-07-02 20:17:22,961 - ERROR - Erreur avec la ligne 8759 (code: 160012086): 1265: Data truncated for column 'latitude' at row 1
2025-07-02 20:17:22,970 - ERROR - Erreur avec la ligne 8760 (code: 160012110): 1265: Data truncated for column 'latitude' at row 1
2025-07-02 20:17:22,980 - ERROR - Erreur avec la ligne 8761 (code: 160012055): 1265: Data truncated for column 'latitude' at row 1
2025-07-02 20:17:22,990 - ERROR - Erreur avec la ligne 8762 (code: 160012114): 1265: Data truncated for column 'latitude' at row 1
2025-07-02 20:17:22,999 - ERROR - Erreur avec la ligne 8763 (code: 160012056): 1265: Data truncated for column 'latitude' at row 1
2025-07-02 20:17:23,021 - ERROR - Erreur avec la ligne 8764 (code: 160012053): 1265: Data truncated for column 'latitude' at row 1
2025-07-02 20:17:23,032 - ERROR - Erreur avec la ligne 8765 (code: 160012026): 1265: Data truncated for column 'latitude' at row 1
2025-07-02 20:17:23,043 - ERROR - Erreur avec la ligne 8766 (code: 1613002): 1265: Data truncated for column 'latitude' at row 1
2025-07-02 20:17:23,052 - ERROR - Erreur avec la ligne 8767 (code: 1613092): 1265: Data truncated for column 'latitude' at row 1
2025-07-02 20:17:23,068 - ERROR - Erreur avec la ligne 8768 (code: 160011012): 1265: Data truncated for column 'latitude' at row 1
2025-07-02 20:17:23,080 - ERROR - Erreur avec la ligne 8769 (code: 160012054): 1265: Data truncated for column 'latitude' at row 1
2025-07-02 20:17:23,091 - ERROR - Erreur avec la ligne 8770 (code: 160011029): 1265: Data truncated for column 'latitude' at row 1
2025-07-02 20:17:23,107 - ERROR - Erreur avec la ligne 8771 (code: 160012084): 1265: Data truncated for column 'latitude' at row 1
2025-07-02 20:17:23,119 - ERROR - Erreur avec la ligne 8772 (code: 1600120001): 1265: Data truncated for column 'latitude' at row 1
2025-07-02 20:17:23,132 - ERROR - Erreur avec la ligne 8773 (code: 160012081): 1265: Data truncated for column 'latitude' at row 1
2025-07-02 20:17:23,144 - ERROR - Erreur avec la ligne 8774 (code: 160011067): 1265: Data truncated for column 'latitude' at row 1
2025-07-02 20:17:23,157 - ERROR - Erreur avec la ligne 8775 (code: 160012038): 1265: Data truncated for column 'latitude' at row 1
2025-07-02 20:17:23,166 - ERROR - Erreur avec la ligne 8776 (code: 1600110002): 1265: Data truncated for column 'latitude' at row 1
2025-07-02 20:17:23,178 - ERROR - Erreur avec la ligne 8777 (code: 160012094): 1265: Data truncated for column 'latitude' at row 1
2025-07-02 20:17:23,188 - ERROR - Erreur avec la ligne 8778 (code: 160012021): 1265: Data truncated for column 'latitude' at row 1
2025-07-02 20:17:23,199 - ERROR - Erreur avec la ligne 8779 (code: 160012104): 1265: Data truncated for column 'latitude' at row 1
2025-07-02 20:17:23,212 - ERROR - Erreur avec la ligne 8780 (code: 160011034): 1265: Data truncated for column 'latitude' at row 1
2025-07-02 20:17:23,235 - ERROR - Erreur avec la ligne 8782 (code: 1600120004): 1265: Data truncated for column 'latitude' at row 1
2025-07-02 20:17:23,246 - ERROR - Erreur avec la ligne 8783 (code: 1600120003): 1265: Data truncated for column 'latitude' at row 1
2025-07-02 20:17:23,259 - ERROR - Erreur avec la ligne 8784 (code: 1700710011): 1265: Data truncated for column 'latitude' at row 1
2025-07-02 20:17:23,269 - ERROR - Erreur avec la ligne 8785 (code: 1600320002): 1265: Data truncated for column 'latitude' at row 1
2025-07-02 20:17:23,279 - ERROR - Erreur avec la ligne 8786 (code: 1600310002): 1265: Data truncated for column 'latitude' at row 1
2025-07-02 20:17:23,290 - ERROR - Erreur avec la ligne 8787 (code: 16230007): 1265: Data truncated for column 'latitude' at row 1
2025-07-02 20:17:23,300 - ERROR - Erreur avec la ligne 8788 (code: 16230006): 1265: Data truncated for column 'latitude' at row 1
2025-07-02 20:17:23,310 - ERROR - Erreur avec la ligne 8789 (code: 1600520003): 1265: Data truncated for column 'latitude' at row 1
2025-07-02 20:17:23,325 - ERROR - Erreur avec la ligne 8790 (code: 160051063): 1265: Data truncated for column 'latitude' at row 1
2025-07-02 20:17:23,335 - ERROR - Erreur avec la ligne 8791 (code: 1600720009): 1265: Data truncated for column 'latitude' at row 1
2025-07-02 20:17:23,345 - ERROR - Erreur avec la ligne 8792 (code: 1600720008): 1265: Data truncated for column 'latitude' at row 1
2025-07-02 20:17:23,353 - ERROR - Erreur avec la ligne 8793 (code: 1600720006): 1265: Data truncated for column 'latitude' at row 1
2025-07-02 20:17:23,364 - ERROR - Erreur avec la ligne 8794 (code: 1600720005): 1265: Data truncated for column 'latitude' at row 1
2025-07-02 20:17:23,373 - ERROR - Erreur avec la ligne 8795 (code: 1600710017): 1265: Data truncated for column 'latitude' at row 1
2025-07-02 20:17:23,381 - ERROR - Erreur avec la ligne 8796 (code: 1600710016): 1265: Data truncated for column 'latitude' at row 1
2025-07-02 20:17:23,392 - ERROR - Erreur avec la ligne 8797 (code: 1600710015): 1265: Data truncated for column 'latitude' at row 1
2025-07-02 20:17:23,399 - ERROR - Erreur avec la ligne 8798 (code: 1600710014): 1265: Data truncated for column 'latitude' at row 1
2025-07-02 20:17:23,410 - ERROR - Erreur avec la ligne 8799 (code: 1600710005): 1265: Data truncated for column 'latitude' at row 1
2025-07-02 20:17:23,425 - INFO - Lot 88/153 : 100 lignes traitées en 77.00s (57.8% terminé)
2025-07-02 20:17:23,435 - ERROR - Erreur avec la ligne 8800 (code: 1600710001): 1265: Data truncated for column 'latitude' at row 1
2025-07-02 20:17:23,447 - ERROR - Erreur avec la ligne 8801 (code: 1600620003): 1265: Data truncated for column 'latitude' at row 1
2025-07-02 20:17:23,457 - ERROR - Erreur avec la ligne 8802 (code: 160071053): 1265: Data truncated for column 'latitude' at row 1
2025-07-02 20:17:23,465 - ERROR - Erreur avec la ligne 8803 (code: 160061083): 1265: Data truncated for column 'latitude' at row 1
2025-07-02 20:17:23,476 - ERROR - Erreur avec la ligne 8804 (code: 160061065): 1265: Data truncated for column 'latitude' at row 1
2025-07-02 20:17:23,485 - ERROR - Erreur avec la ligne 8805 (code: 16130006): 1265: Data truncated for column 'latitude' at row 1
2025-07-02 20:17:23,496 - ERROR - Erreur avec la ligne 8806 (code: 1700710012): 1265: Data truncated for column 'latitude' at row 1
2025-07-02 20:17:23,507 - ERROR - Erreur avec la ligne 8807 (code: 1600820001): 1265: Data truncated for column 'latitude' at row 1
2025-07-02 20:17:23,516 - ERROR - Erreur avec la ligne 8808 (code: 1600420005): 1265: Data truncated for column 'latitude' at row 1
2025-07-02 20:17:23,525 - ERROR - Erreur avec la ligne 8809 (code: 1600420004): 1265: Data truncated for column 'latitude' at row 1
2025-07-02 20:17:23,547 - ERROR - Erreur avec la ligne 8811 (code: 1600420002): 1265: Data truncated for column 'latitude' at row 1
2025-07-02 20:17:23,556 - ERROR - Erreur avec la ligne 8812 (code: 16230008): 1265: Data truncated for column 'latitude' at row 1
2025-07-02 20:17:24,339 - INFO - Lot 89/153 : 100 lignes traitées en 77.91s (58.5% terminé)
2025-07-02 20:17:25,532 - INFO - Lot 90/153 : 100 lignes traitées en 79.10s (59.1% terminé)
2025-07-02 20:17:26,508 - INFO - Lot 91/153 : 100 lignes traitées en 80.08s (59.8% terminé)
2025-07-02 20:17:27,417 - INFO - Lot 92/153 : 100 lignes traitées en 80.99s (60.5% terminé)
2025-07-02 20:17:28,756 - INFO - Lot 93/153 : 100 lignes traitées en 82.33s (61.1% terminé)
2025-07-02 20:17:29,815 - INFO - Lot 94/153 : 100 lignes traitées en 83.39s (61.8% terminé)
2025-07-02 20:17:30,801 - INFO - Lot 95/153 : 100 lignes traitées en 84.37s (62.4% terminé)
2025-07-02 20:17:30,841 - ERROR - Erreur avec la ligne 9503 (code: 150052173): 1265: Data truncated for column 'latitude' at row 1
2025-07-02 20:17:31,856 - INFO - Lot 96/153 : 100 lignes traitées en 85.43s (63.1% terminé)
2025-07-02 20:17:33,216 - INFO - Lot 97/153 : 100 lignes traitées en 86.79s (63.7% terminé)
2025-07-02 20:17:34,475 - INFO - Lot 98/153 : 100 lignes traitées en 88.05s (64.4% terminé)
2025-07-02 20:17:34,578 - ERROR - Erreur avec la ligne 9806 (code: 150062116): 1265: Data truncated for column 'latitude' at row 1
2025-07-02 20:17:34,926 - ERROR - Erreur avec la ligne 9819 (code: 150062102): 1265: Data truncated for column 'latitude' at row 1
2025-07-02 20:17:35,039 - ERROR - Erreur avec la ligne 9821 (code: 150062100): 1265: Data truncated for column 'latitude' at row 1
2025-07-02 20:17:35,078 - ERROR - Erreur avec la ligne 9825 (code: 150062096): 1265: Data truncated for column 'latitude' at row 1
2025-07-02 20:17:35,871 - INFO - Lot 99/153 : 100 lignes traitées en 89.44s (65.1% terminé)
2025-07-02 20:17:36,250 - ERROR - Erreur avec la ligne 9934 (code: 150061055): 1265: Data truncated for column 'latitude' at row 1
2025-07-02 20:17:36,911 - INFO - Lot 100/153 : 100 lignes traitées en 90.48s (65.7% terminé)
2025-07-02 20:17:37,096 - ERROR - Erreur avec la ligne 10019 (code: 1500720001): 1265: Data truncated for column 'latitude' at row 1
2025-07-02 20:17:37,129 - ERROR - Erreur avec la ligne 10022 (code: 150072120): 1265: Data truncated for column 'latitude' at row 1
2025-07-02 20:17:37,138 - ERROR - Erreur avec la ligne 10023 (code: 150072119): 1265: Data truncated for column 'latitude' at row 1
2025-07-02 20:17:37,148 - ERROR - Erreur avec la ligne 10024 (code: 150072118): 1265: Data truncated for column 'latitude' at row 1
2025-07-02 20:17:37,170 - ERROR - Erreur avec la ligne 10026 (code: 150072116): 1265: Data truncated for column 'latitude' at row 1
2025-07-02 20:17:37,185 - ERROR - Erreur avec la ligne 10027 (code: 150072114): 1265: Data truncated for column 'latitude' at row 1
2025-07-02 20:17:37,199 - ERROR - Erreur avec la ligne 10028 (code: 150072113): 1265: Data truncated for column 'latitude' at row 1
2025-07-02 20:17:37,246 - ERROR - Erreur avec la ligne 10032 (code: 150072109): 1265: Data truncated for column 'latitude' at row 1
2025-07-02 20:17:37,256 - ERROR - Erreur avec la ligne 10033 (code: 150072108): 1265: Data truncated for column 'latitude' at row 1
2025-07-02 20:17:37,267 - ERROR - Erreur avec la ligne 10034 (code: 150072107): 1265: Data truncated for column 'latitude' at row 1
2025-07-02 20:17:37,290 - ERROR - Erreur avec la ligne 10036 (code: 150072104): 1265: Data truncated for column 'latitude' at row 1
2025-07-02 20:17:37,324 - ERROR - Erreur avec la ligne 10039 (code: 150072101): 1265: Data truncated for column 'latitude' at row 1
2025-07-02 20:17:37,344 - ERROR - Erreur avec la ligne 10041 (code: 150072099): 1265: Data truncated for column 'latitude' at row 1
2025-07-02 20:17:37,354 - ERROR - Erreur avec la ligne 10042 (code: 150072098): 1265: Data truncated for column 'latitude' at row 1
2025-07-02 20:17:37,371 - ERROR - Erreur avec la ligne 10043 (code: 150072097): 1265: Data truncated for column 'latitude' at row 1
2025-07-02 20:17:37,414 - ERROR - Erreur avec la ligne 10047 (code: 150072093): 1265: Data truncated for column 'latitude' at row 1
2025-07-02 20:17:37,424 - ERROR - Erreur avec la ligne 10048 (code: 150072092): 1265: Data truncated for column 'latitude' at row 1
2025-07-02 20:17:37,435 - ERROR - Erreur avec la ligne 10049 (code: 150072091): 1265: Data truncated for column 'latitude' at row 1
2025-07-02 20:17:37,477 - ERROR - Erreur avec la ligne 10053 (code: 150072087): 1265: Data truncated for column 'latitude' at row 1
2025-07-02 20:17:37,486 - ERROR - Erreur avec la ligne 10054 (code: 150072086): 1265: Data truncated for column 'latitude' at row 1
2025-07-02 20:17:37,502 - ERROR - Erreur avec la ligne 10055 (code: 150072085): 1265: Data truncated for column 'latitude' at row 1
2025-07-02 20:17:37,564 - ERROR - Erreur avec la ligne 10060 (code: 150072080): 1265: Data truncated for column 'latitude' at row 1
2025-07-02 20:17:37,574 - ERROR - Erreur avec la ligne 10061 (code: 150072079): 1265: Data truncated for column 'latitude' at row 1
2025-07-02 20:17:37,587 - ERROR - Erreur avec la ligne 10062 (code: 150072078): 1265: Data truncated for column 'latitude' at row 1
2025-07-02 20:17:37,599 - ERROR - Erreur avec la ligne 10063 (code: 150072077): 1265: Data truncated for column 'latitude' at row 1
2025-07-02 20:17:37,612 - ERROR - Erreur avec la ligne 10064 (code: 150072076): 1265: Data truncated for column 'latitude' at row 1
2025-07-02 20:17:37,622 - ERROR - Erreur avec la ligne 10065 (code: 150072075): 1265: Data truncated for column 'latitude' at row 1
2025-07-02 20:17:37,633 - ERROR - Erreur avec la ligne 10066 (code: 150072074): 1265: Data truncated for column 'latitude' at row 1
2025-07-02 20:17:37,644 - ERROR - Erreur avec la ligne 10067 (code: 150072073): 1265: Data truncated for column 'latitude' at row 1
2025-07-02 20:17:37,666 - ERROR - Erreur avec la ligne 10069 (code: 150072071): 1265: Data truncated for column 'latitude' at row 1
2025-07-02 20:17:37,679 - ERROR - Erreur avec la ligne 10070 (code: 150072070): 1265: Data truncated for column 'latitude' at row 1
2025-07-02 20:17:37,691 - ERROR - Erreur avec la ligne 10071 (code: 150072069): 1265: Data truncated for column 'latitude' at row 1
2025-07-02 20:17:37,726 - ERROR - Erreur avec la ligne 10074 (code: 150072066): 1265: Data truncated for column 'latitude' at row 1
2025-07-02 20:17:37,748 - ERROR - Erreur avec la ligne 10076 (code: 150072064): 1265: Data truncated for column 'latitude' at row 1
2025-07-02 20:17:37,785 - ERROR - Erreur avec la ligne 10079 (code: 150072061): 1265: Data truncated for column 'latitude' at row 1
2025-07-02 20:17:37,795 - ERROR - Erreur avec la ligne 10080 (code: 150072060): 1265: Data truncated for column 'latitude' at row 1
2025-07-02 20:17:37,806 - ERROR - Erreur avec la ligne 10081 (code: 150072059): 1265: Data truncated for column 'latitude' at row 1
2025-07-02 20:17:37,817 - ERROR - Erreur avec la ligne 10082 (code: 150072058): 1265: Data truncated for column 'latitude' at row 1
2025-07-02 20:17:37,828 - ERROR - Erreur avec la ligne 10083 (code: 150072057): 1265: Data truncated for column 'latitude' at row 1
2025-07-02 20:17:37,867 - ERROR - Erreur avec la ligne 10086 (code: 150072054): 1265: Data truncated for column 'latitude' at row 1
2025-07-02 20:17:37,895 - ERROR - Erreur avec la ligne 10088 (code: 150072052): 1265: Data truncated for column 'latitude' at row 1
2025-07-02 20:17:37,919 - ERROR - Erreur avec la ligne 10090 (code: 150072050): 1265: Data truncated for column 'latitude' at row 1
2025-07-02 20:17:37,930 - ERROR - Erreur avec la ligne 10091 (code: 150072049): 1265: Data truncated for column 'latitude' at row 1
2025-07-02 20:17:37,941 - ERROR - Erreur avec la ligne 10092 (code: 150072048): 1265: Data truncated for column 'latitude' at row 1
2025-07-02 20:17:37,967 - ERROR - Erreur avec la ligne 10094 (code: 150072046): 1265: Data truncated for column 'latitude' at row 1
2025-07-02 20:17:37,978 - ERROR - Erreur avec la ligne 10095 (code: 150072045): 1265: Data truncated for column 'latitude' at row 1
2025-07-02 20:17:37,989 - ERROR - Erreur avec la ligne 10096 (code: 150072044): 1265: Data truncated for column 'latitude' at row 1
2025-07-02 20:17:38,000 - ERROR - Erreur avec la ligne 10097 (code: 150072043): 1265: Data truncated for column 'latitude' at row 1
2025-07-02 20:17:38,012 - ERROR - Erreur avec la ligne 10098 (code: 150072042): 1265: Data truncated for column 'latitude' at row 1
2025-07-02 20:17:38,024 - ERROR - Erreur avec la ligne 10099 (code: 150072041): 1265: Data truncated for column 'latitude' at row 1
2025-07-02 20:17:38,034 - INFO - Lot 101/153 : 100 lignes traitées en 91.61s (66.4% terminé)
2025-07-02 20:17:38,050 - ERROR - Erreur avec la ligne 10100 (code: 150072040): 1265: Data truncated for column 'latitude' at row 1
2025-07-02 20:17:38,061 - ERROR - Erreur avec la ligne 10101 (code: 150072039): 1265: Data truncated for column 'latitude' at row 1
2025-07-02 20:17:38,082 - ERROR - Erreur avec la ligne 10103 (code: 150072036): 1265: Data truncated for column 'latitude' at row 1
2025-07-02 20:17:38,095 - ERROR - Erreur avec la ligne 10104 (code: 150072035): 1265: Data truncated for column 'latitude' at row 1
2025-07-02 20:17:38,117 - ERROR - Erreur avec la ligne 10106 (code: 150072033): 1265: Data truncated for column 'latitude' at row 1
2025-07-02 20:17:38,163 - ERROR - Erreur avec la ligne 10110 (code: 150072029): 1265: Data truncated for column 'latitude' at row 1
2025-07-02 20:17:38,175 - ERROR - Erreur avec la ligne 10111 (code: 150072028): 1265: Data truncated for column 'latitude' at row 1
2025-07-02 20:17:38,205 - ERROR - Erreur avec la ligne 10113 (code: 150072026): 1265: Data truncated for column 'latitude' at row 1
2025-07-02 20:17:38,241 - ERROR - Erreur avec la ligne 10116 (code: 150072023): 1265: Data truncated for column 'latitude' at row 1
2025-07-02 20:17:38,269 - ERROR - Erreur avec la ligne 10119 (code: 150072019): 1265: Data truncated for column 'latitude' at row 1
2025-07-02 20:17:38,389 - ERROR - Erreur avec la ligne 10132 (code: 150072005): 1265: Data truncated for column 'latitude' at row 1
2025-07-02 20:17:38,398 - ERROR - Erreur avec la ligne 10133 (code: 150072004): 1265: Data truncated for column 'latitude' at row 1
2025-07-02 20:17:38,440 - ERROR - Erreur avec la ligne 10137 (code: 150071061): 1265: Data truncated for column 'latitude' at row 1
2025-07-02 20:17:38,449 - ERROR - Erreur avec la ligne 10138 (code: 150071060): 1265: Data truncated for column 'latitude' at row 1
2025-07-02 20:17:38,461 - ERROR - Erreur avec la ligne 10139 (code: 150071059): 1265: Data truncated for column 'latitude' at row 1
2025-07-02 20:17:38,484 - ERROR - Erreur avec la ligne 10141 (code: 150071057): 1265: Data truncated for column 'latitude' at row 1
2025-07-02 20:17:38,496 - ERROR - Erreur avec la ligne 10142 (code: 150071056): 1265: Data truncated for column 'latitude' at row 1
2025-07-02 20:17:38,518 - ERROR - Erreur avec la ligne 10144 (code: 150071054): 1265: Data truncated for column 'latitude' at row 1
2025-07-02 20:17:38,554 - ERROR - Erreur avec la ligne 10147 (code: 150071051): 1265: Data truncated for column 'latitude' at row 1
2025-07-02 20:17:38,575 - ERROR - Erreur avec la ligne 10149 (code: 150071049): 1265: Data truncated for column 'latitude' at row 1
2025-07-02 20:17:38,585 - ERROR - Erreur avec la ligne 10150 (code: 150071048): 1265: Data truncated for column 'latitude' at row 1
2025-07-02 20:17:38,604 - ERROR - Erreur avec la ligne 10151 (code: 150071047): 1265: Data truncated for column 'latitude' at row 1
2025-07-02 20:17:38,652 - ERROR - Erreur avec la ligne 10155 (code: 150071043): 1265: Data truncated for column 'latitude' at row 1
2025-07-02 20:17:38,662 - ERROR - Erreur avec la ligne 10156 (code: 150071042): 1265: Data truncated for column 'latitude' at row 1
2025-07-02 20:17:38,686 - ERROR - Erreur avec la ligne 10158 (code: 150071040): 1265: Data truncated for column 'latitude' at row 1
2025-07-02 20:17:38,711 - ERROR - Erreur avec la ligne 10160 (code: 150071038): 1265: Data truncated for column 'latitude' at row 1
2025-07-02 20:17:38,752 - ERROR - Erreur avec la ligne 10164 (code: 150071034): 1265: Data truncated for column 'latitude' at row 1
2025-07-02 20:17:38,781 - ERROR - Erreur avec la ligne 10167 (code: 150071031): 1265: Data truncated for column 'latitude' at row 1
2025-07-02 20:17:38,802 - ERROR - Erreur avec la ligne 10169 (code: 150071029): 1265: Data truncated for column 'latitude' at row 1
2025-07-02 20:17:38,843 - ERROR - Erreur avec la ligne 10172 (code: 150071026): 1265: Data truncated for column 'latitude' at row 1
2025-07-02 20:17:38,853 - ERROR - Erreur avec la ligne 10173 (code: 150071025): 1265: Data truncated for column 'latitude' at row 1
2025-07-02 20:17:38,864 - ERROR - Erreur avec la ligne 10174 (code: 150071024): 1265: Data truncated for column 'latitude' at row 1
2025-07-02 20:17:38,874 - ERROR - Erreur avec la ligne 10175 (code: 150071023): 1265: Data truncated for column 'latitude' at row 1
2025-07-02 20:17:38,886 - ERROR - Erreur avec la ligne 10176 (code: 150071022): 1265: Data truncated for column 'latitude' at row 1
2025-07-02 20:17:38,908 - ERROR - Erreur avec la ligne 10178 (code: 150071020): 1265: Data truncated for column 'latitude' at row 1
2025-07-02 20:17:38,943 - ERROR - Erreur avec la ligne 10181 (code: 150071017): 1265: Data truncated for column 'latitude' at row 1
2025-07-02 20:17:38,951 - ERROR - Erreur avec la ligne 10182 (code: 150071016): 1265: Data truncated for column 'latitude' at row 1
2025-07-02 20:17:38,965 - ERROR - Erreur avec la ligne 10183 (code: 150071015): 1265: Data truncated for column 'latitude' at row 1
2025-07-02 20:17:38,984 - ERROR - Erreur avec la ligne 10185 (code: 150071013): 1265: Data truncated for column 'latitude' at row 1
2025-07-02 20:17:39,005 - ERROR - Erreur avec la ligne 10187 (code: 150071011): 1265: Data truncated for column 'latitude' at row 1
2025-07-02 20:17:39,112 - ERROR - Erreur avec la ligne 10198 (code: 1534008): 1265: Data truncated for column 'latitude' at row 1
2025-07-02 20:17:39,131 - INFO - Lot 102/153 : 100 lignes traitées en 92.70s (67.0% terminé)
2025-07-02 20:17:39,165 - ERROR - Erreur avec la ligne 10202 (code: 1533029): 1265: Data truncated for column 'latitude' at row 1
2025-07-02 20:17:39,175 - ERROR - Erreur avec la ligne 10203 (code: 1533028): 1265: Data truncated for column 'latitude' at row 1
2025-07-02 20:17:39,200 - ERROR - Erreur avec la ligne 10205 (code: 1533026): 1265: Data truncated for column 'latitude' at row 1
2025-07-02 20:17:39,211 - ERROR - Erreur avec la ligne 10206 (code: 1533025): 1265: Data truncated for column 'latitude' at row 1
2025-07-02 20:17:39,221 - ERROR - Erreur avec la ligne 10207 (code: 1533024): 1265: Data truncated for column 'latitude' at row 1
2025-07-02 20:17:39,234 - ERROR - Erreur avec la ligne 10208 (code: 1533023): 1265: Data truncated for column 'latitude' at row 1
2025-07-02 20:17:39,246 - ERROR - Erreur avec la ligne 10209 (code: 1533022): 1265: Data truncated for column 'latitude' at row 1
2025-07-02 20:17:40,340 - INFO - Lot 103/153 : 100 lignes traitées en 93.91s (67.7% terminé)
2025-07-02 20:17:41,525 - INFO - Lot 104/153 : 100 lignes traitées en 95.10s (68.3% terminé)
2025-07-02 20:17:42,931 - INFO - Lot 105/153 : 100 lignes traitées en 96.50s (69.0% terminé)
2025-07-02 20:17:44,131 - INFO - Lot 106/153 : 100 lignes traitées en 97.70s (69.7% terminé)
2025-07-02 20:17:45,473 - INFO - Lot 107/153 : 100 lignes traitées en 99.05s (70.3% terminé)
2025-07-02 20:17:46,542 - INFO - Lot 108/153 : 100 lignes traitées en 100.11s (71.0% terminé)
2025-07-02 20:17:47,557 - INFO - Lot 109/153 : 100 lignes traitées en 101.13s (71.6% terminé)
2025-07-02 20:17:48,634 - INFO - Lot 110/153 : 100 lignes traitées en 102.21s (72.3% terminé)
2025-07-02 20:17:49,728 - INFO - Lot 111/153 : 100 lignes traitées en 103.30s (72.9% terminé)
2025-07-02 20:17:51,091 - INFO - Lot 112/153 : 100 lignes traitées en 104.66s (73.6% terminé)
2025-07-02 20:17:52,243 - INFO - Lot 113/153 : 100 lignes traitées en 105.82s (74.3% terminé)
2025-07-02 20:17:53,569 - INFO - Lot 114/153 : 100 lignes traitées en 107.14s (74.9% terminé)
2025-07-02 20:17:55,593 - INFO - Lot 115/153 : 100 lignes traitées en 109.17s (75.6% terminé)
2025-07-02 20:17:57,552 - INFO - Lot 116/153 : 100 lignes traitées en 111.12s (76.2% terminé)
2025-07-02 20:17:58,627 - INFO - Lot 117/153 : 100 lignes traitées en 112.20s (76.9% terminé)
2025-07-02 20:17:59,657 - INFO - Lot 118/153 : 100 lignes traitées en 113.23s (77.5% terminé)
2025-07-02 20:18:00,756 - INFO - Lot 119/153 : 100 lignes traitées en 114.33s (78.2% terminé)
2025-07-02 20:18:01,811 - INFO - Lot 120/153 : 100 lignes traitées en 115.38s (78.9% terminé)
2025-07-02 20:18:01,976 - ERROR - Erreur avec la ligne 12008 (code: 140091002): 1265: Data truncated for column 'latitude' at row 1
2025-07-02 20:18:02,964 - INFO - Lot 121/153 : 100 lignes traitées en 116.54s (79.5% terminé)
2025-07-02 20:18:04,271 - INFO - Lot 122/153 : 100 lignes traitées en 117.84s (80.2% terminé)
2025-07-02 20:18:05,471 - INFO - Lot 123/153 : 100 lignes traitées en 119.04s (80.8% terminé)
2025-07-02 20:18:06,876 - INFO - Lot 124/153 : 100 lignes traitées en 120.45s (81.5% terminé)
2025-07-02 20:18:08,016 - INFO - Lot 125/153 : 100 lignes traitées en 121.59s (82.2% terminé)
2025-07-02 20:18:09,318 - INFO - Lot 126/153 : 100 lignes traitées en 122.89s (82.8% terminé)
2025-07-02 20:18:10,916 - INFO - Lot 127/153 : 100 lignes traitées en 124.49s (83.5% terminé)
2025-07-02 20:18:13,167 - INFO - Lot 128/153 : 100 lignes traitées en 126.74s (84.1% terminé)
2025-07-02 20:18:14,351 - INFO - Lot 129/153 : 100 lignes traitées en 127.92s (84.8% terminé)
2025-07-02 20:18:15,436 - INFO - Lot 130/153 : 100 lignes traitées en 129.01s (85.4% terminé)
2025-07-02 20:18:16,545 - INFO - Lot 131/153 : 100 lignes traitées en 130.12s (86.1% terminé)
2025-07-02 20:18:17,600 - INFO - Lot 132/153 : 100 lignes traitées en 131.17s (86.8% terminé)
2025-07-02 20:18:18,687 - INFO - Lot 133/153 : 100 lignes traitées en 132.26s (87.4% terminé)
2025-07-02 20:18:20,187 - INFO - Lot 134/153 : 100 lignes traitées en 133.76s (88.1% terminé)
2025-07-02 20:18:21,323 - INFO - Lot 135/153 : 100 lignes traitées en 134.90s (88.7% terminé)
2025-07-02 20:18:22,569 - INFO - Lot 136/153 : 100 lignes traitées en 136.14s (89.4% terminé)
2025-07-02 20:18:23,976 - INFO - Lot 137/153 : 100 lignes traitées en 137.55s (90.0% terminé)
2025-07-02 20:18:25,388 - INFO - Lot 138/153 : 100 lignes traitées en 138.96s (90.7% terminé)
2025-07-02 20:18:27,218 - INFO - Lot 139/153 : 100 lignes traitées en 140.79s (91.4% terminé)
2025-07-02 20:18:28,411 - INFO - Lot 140/153 : 100 lignes traitées en 141.98s (92.0% terminé)
2025-07-02 20:18:29,678 - INFO - Lot 141/153 : 100 lignes traitées en 143.25s (92.7% terminé)
2025-07-02 20:18:31,137 - INFO - Lot 142/153 : 100 lignes traitées en 144.71s (93.3% terminé)
2025-07-02 20:18:32,258 - INFO - Lot 143/153 : 100 lignes traitées en 145.83s (94.0% terminé)
2025-07-02 20:18:33,399 - INFO - Lot 144/153 : 100 lignes traitées en 146.97s (94.6% terminé)
2025-07-02 20:18:34,554 - INFO - Lot 145/153 : 100 lignes traitées en 148.13s (95.3% terminé)
2025-07-02 20:18:35,762 - INFO - Lot 146/153 : 100 lignes traitées en 149.34s (96.0% terminé)
2025-07-02 20:18:37,024 - INFO - Lot 147/153 : 100 lignes traitées en 150.60s (96.6% terminé)
2025-07-02 20:18:38,172 - INFO - Lot 148/153 : 100 lignes traitées en 151.75s (97.3% terminé)
2025-07-02 20:18:39,850 - INFO - Lot 149/153 : 100 lignes traitées en 153.42s (97.9% terminé)
2025-07-02 20:18:41,247 - INFO - Lot 150/153 : 100 lignes traitées en 154.82s (98.6% terminé)
2025-07-02 20:18:42,826 - INFO - Lot 151/153 : 100 lignes traitées en 156.40s (99.2% terminé)
2025-07-02 20:18:44,174 - INFO - Lot 152/153 : 100 lignes traitées en 157.75s (99.9% terminé)
2025-07-02 20:18:44,365 - INFO - Lot 153/153 : 16 lignes traitées en 157.94s (100.0% terminé)
2025-07-02 20:18:44,366 - INFO - Insertion terminée en 157.94 secondes.
2025-07-02 20:18:44,366 - INFO - Lignes insérées avec succès: 13291/15216
2025-07-02 20:18:44,367 - INFO - Doublons ignorés: 0
2025-07-02 20:18:44,367 - INFO - Erreurs de coordonnées: 0
2025-07-02 20:18:44,368 - INFO - Toutes les données ont été insérées avec succès!
2025-07-02 20:18:44,368 - INFO - Connexion à la base de données fermée.
